version,efficiency_mode,hours_cap,sigma_sub,omega,kappa,Y0,Y1,C0,C1,dY_pct,A_req_pct,A_req_frozen_pct,baseline_informality_pct,informality_pct,dInf_pp,dGHH_pct,CE_pct,hours_pct,efficiency_pct,reallocation_pct,decomposition_total_pct,mapping,baseline_operator_h0,restoration_residual
reprocessed_data,bilateral,30.0,1.326,0.6772094354663557,0.0021098039890823555,4.131742533101652,3.1883391632782625,4.131742533101652,3.18825516361475,-22.833062860651854,26.4194600537325,25.028670008874187,38.60008721172536,47.56871776047719,8.968630548751833,-17.03150681569634,-13.341347005628801,-14.7782945401411,-5.240050058020036,-2.8147182624907128,-22.83306286065185,habitual_integral,120.0,1.199040866595169e-13
reprocessed_data,bilateral,30.25,1.326,0.6772094354663557,0.0021098039890823555,4.131742533101652,3.219455553542899,4.131742533101652,3.2193780067319526,-22.0799571185746,25.337255137479975,24.005792651127965,38.60008721172536,47.21734990157237,8.61726268984701,-16.209268784093727,-12.697260547540083,-14.46162978372382,-4.896976082910753,-2.7213512519400287,-22.0799571185746,habitual_integral,120.0,9.214851104388799e-14
reprocessed_data,bilateral,30.5,1.326,0.6772094354663557,0.0021098039890823555,4.131742533101652,3.2503486617614383,4.131742533101652,3.250277194983938,-21.332255441351545,24.280389389980208,23.006720502129507,38.60008721172536,46.87263835761484,8.272551145889478,-15.39761009312448,-12.061461239614177,-14.146081137220682,-4.557547744366491,-2.628626559764375,-21.33225544135155,habitual_integral,120.0,7.061018436615996e-14
reprocessed_data,bilateral,30.75,1.326,0.6772094354663557,0.0021098039890823555,4.131742533101652,3.281005497465786,4.131742533101652,3.2809397520365464,-20.59027223550707,23.248486407428004,22.031102373022836,38.60008721172536,46.534597791704236,7.934510579978876,-14.596921421696706,-11.434255113662422,-13.83163579331719,-4.222042281046587,-2.536594161143292,-20.59027223550707,habitual_integral,120.0,5.284661597215745e-14
reprocessed_data,bilateral,31.0,1.326,0.6772094354663557,0.0021098039890823555,4.131742533101652,3.3114131588452667,4.131742533101652,3.3113527900669455,-19.85431976180213,22.241175774739762,21.078592995144852,38.60008721172536,46.203237140898636,7.603149929173275,-13.807589803302504,-10.815945345920293,-13.518281189273388,-3.89073594060859,-2.4453026319201516,-19.854319761802127,habitual_integral,120.0,4.0190073491430667e-14
reprocessed_data,bilateral,31.25,1.326,0.6772094354663557,0.0021098039890823555,4.131742533101652,3.341552321684346,4.131742533101652,3.3414969976141786,-19.124865721585003,21.25830406132132,20.14905255105395,38.60008721172536,45.87862972013502,7.278542508409657,-13.03016606555521,-10.206963418018248,-13.206065995314427,-3.563980978208038,-2.354818748062541,-19.124865721585003,habitual_integral,120.0,3.042011087472929e-14
reprocessed_data,bilateral,31.5,1.326,0.6772094354663557,0.0021098039890823555,4.131742533101652,3.371416898575341,4.131742533101652,3.371366302082235,-18.4020574475521,20.299292623636124,19.241939307107046,38.60008721172536,45.560701509276825,6.960614297551465,-12.264857169350565,-9.607471449324608,-12.894916708801487,-3.2419722238327973,-2.2651685149178213,-18.402057447552107,habitual_integral,120.0,2.2426505097428162e-14
reprocessed_data,bilateral,31.75,1.326,0.6772094354663557,0.0021098039890823555,4.131742533101652,3.40099428357747,4.131742533101652,3.4009481109215027,-17.686200039565815,19.363790286421924,18.356926776406013,38.60008721172536,45.24944633837874,6.649359126653382,-11.512038463733058,-9.01776346325756,-12.584821469514496,-2.9249820344958737,-2.176396535555445,-17.686200039565815,habitual_integral,120.0,1.6431300764452317e-14
reprocessed_data,bilateral,32.0,1.326,0.6772094354663557,0.0021098039890823555,4.131742533101652,3.4302719792067315,4.131742533101652,3.4302299398024587,-16.97759597252383,18.451452333313824,17.493694722839525,38.60008721172536,44.94485362036487,6.344766408639507,-10.772081138333862,-8.438130225028193,-12.275768636940201,-2.6132811662054762,-2.0885461693781546,-16.977595972523833,habitual_integral,120.0,1.2212453270876722e-14
reprocessed_data,bilateral,32.25,1.326,0.6772094354663557,0.0021098039890823555,4.131742533101652,3.4591622557273793,4.131742533101652,3.4591240621567323,-16.278368557233748,17.564237744251354,16.65410323556047,38.60008721172536,44.647679322711944,6.047592110986589,-10.04723639883373,-7.870335179086421,-11.968497087852208,-2.3079859278636827,-2.001885541517855,-16.278368557233748,habitual_integral,120.0,8.43769498715119e-15
reprocessed_data,bilateral,32.5,1.326,0.6772094354663557,0.0021098039890823555,4.131742533101652,3.4877295411897737,4.131742533101652,3.4876949297073314,-15.586958450395617,16.699412513887314,15.835571731140806,38.60008721172536,44.357103543234935,5.757016331509574,-9.33592239171119,-7.313139206840432,-11.662240357808177,-2.0084926428419494,-1.916225449745495,-15.586958450395622,habitual_integral,120.0,6.217248937900877e-15
reprocessed_data,bilateral,32.75,1.326,0.6772094354663557,0.0021098039890823555,4.131742533101652,3.5159616975021337,4.131742533101652,3.5159304166166754,-14.90365942858638,15.856656496974653,15.037803458318244,38.60008721172536,44.073105256083444,5.473018044358086,-8.638497017923969,-6.766822664040443,-11.356987511881302,-1.7150662011113236,-1.8316057155937533,-14.903659428586378,habitual_integral,120.0,4.218847493575595e-15
reprocessed_data,bilateral,33.0,1.326,0.6772094354663557,0.0021098039890823555,4.131742533101652,3.5438467155683577,4.131742533101652,3.5438185257563832,-14.228762146318141,15.035656039962442,14.260507860187177,38.60008721172536,43.79566020391638,5.195572992191017,-7.955313431952919,-6.23166218836312,-11.052727811388285,-1.4279692616868567,-1.7480650732429956,-14.228762146318138,habitual_integral,120.0,2.886579864025407e-15
reprocessed_data,bilateral,33.25,1.326,0.6772094354663557,0.0021098039890823555,4.131742533101652,3.5713566811915274,4.131742533101652,3.5713313529866433,-13.562942207084937,14.236566821120444,13.503838860026129,38.60008721172536,43.524898190392776,4.9248109786674155,-7.2871081460100235,-5.708234714374518,-10.749621451994237,-1.14763153579164,-1.6656892192990624,-13.56294220708494,habitual_integral,120.0,2.4424906541753444e-15
reprocessed_data,bilateral,33.5,1.326,0.6772094354663557,0.0021098039890823555,4.131742533101652,3.598496213581864,4.131742533101652,3.5984735307372286,-12.906087812772926,13.458604481311575,12.76706032102175,38.60008721172536,43.26062592733402,4.660538715608658,-6.633822354859562,-5.196494177973323,-10.447486239536365,-0.8741357701860574,-1.5844658030505032,-12.906087812772924,habitual_integral,120.0,1.5543122344752192e-15
reprocessed_data,bilateral,33.75,1.326,0.6772094354663557,0.0021098039890823555,4.131742533101652,3.6252537232818796,4.131742533101652,3.625233480592244,-12.258479461438199,12.701476002180057,12.049901252394534,38.60008721172536,43.00281129465827,4.402724082932913,-5.995794028221742,-4.696705322107031,-10.146312012332313,-0.6077369584489233,-1.5044304906569588,-12.258479461438194,habitual_integral,120.0,1.1102230246251565e-15
reprocessed_data,bilateral,34.0,1.326,0.6772094354663557,0.0021098039890823555,4.131742533101652,3.6516177713329494,4.131742533101652,3.6515997743222672,-11.620394008633406,11.964894939418036,11.352096869432815,38.60008721172536,42.751419986364425,4.151332774639066,-5.373355737857177,-4.209128661321455,-9.846088785856702,-0.34868723416190184,-1.4256179886148,-11.620394008633404,habitual_integral,120.0,8.881784197001252e-16
reprocessed_data,bilateral,34.25,1.326,0.6772094354663557,0.0021098039890823555,4.131742533101652,3.677568131974927,4.131742533101652,3.677552195895631,-10.99232097566789,11.24882668806475,10.673620986893638,38.60008721172536,42.50649972138557,3.9064125096602123,-4.767042659760856,-3.7341834168126695,-9.546909108185279,-0.09732308708883106,-1.3480887803937844,-10.992320975667893,habitual_integral,120.0,6.661338147750939e-16
reprocessed_data,bilateral,34.5,1.326,0.6772094354663557,0.0021098039890823555,4.131742533101652,3.703102820360093,4.131742533101652,3.7030887713560703,-10.37430840153981,10.552741615141127,10.013978362850718,38.60008721172536,42.26792507488935,3.667837863163992,-4.176959582857477,-3.2719516732383567,-9.248660341765353,0.14620035270617418,-1.2718484124806364,-10.374308401539816,habitual_integral,120.0,4.440892098500626e-16
reprocessed_data,bilateral,34.75,1.326,0.6772094354663557,0.0021098039890823555,4.131742533101652,3.728210882584769,4.131742533101652,3.7281985565681763,-9.766621402083253,9.876373515631975,9.372923236645313,38.60008721172536,42.03565668372947,3.4355694720041132,-3.6034218439267587,-2.822680444409294,-8.951333017929379,0.3816404840967282,-1.1969288682506036,-9.766621402083253,habitual_integral,120.0,6.661338147750939e-16
reprocessed_data,bilateral,35.0,1.326,0.6772094354663557,0.0021098039890823555,4.131742533101652,3.7528815375114113,4.131742533101652,3.7528707798447805,-9.169520911697127,9.219462742398488,8.750215989333544,38.60008721172536,41.80965388542672,3.2095666737013584,-3.0467386721381824,-2.3866119598415763,-8.654917828532087,0.6087581867050068,-1.1233612698700455,-9.169520911697125,habitual_integral,120.0,2.220446049250313e-16
reprocessed_data,bilateral,35.25,1.326,0.6772094354663557,0.0021098039890823555,4.131742533101652,3.7769466478119567,4.131742533101652,3.7769373041056653,-8.587076335159583,8.585880560714632,8.149533614372718,38.60008721172536,41.591297529689854,2.9912103179644935,-2.510707816161852,-1.9667211226601173,-8.36135805675659,0.8259269346665036,-1.051645213069497,-8.587076335159583,habitual_integral,120.0,4.440892098500626e-16
reprocessed_data,bilateral,35.5,1.326,0.6772094354663557,0.0021098039890823555,4.131742533101652,3.800557111884176,4.131742533101652,3.800549047066816,-8.015635499166951,7.9710686478593695,7.566561662904436,38.60008721172536,41.37906214430557,2.7789749325802138,-1.9919717948469873,-1.5603779059634733,-8.068680536038528,1.034374013704227,-0.9813289768326445,-8.015635499166947,habitual_integral,120.0,1.3322676295501878e-15
reprocessed_data,bilateral,35.75,1.326,0.6772094354663557,0.0021098039890823555,4.131742533101652,3.8237027073372003,4.131742533101652,3.8236957946997276,-7.455445814848716,7.374794613461089,7.0010859772794864,38.60008721172536,41.17290631440756,2.572819102682206,-1.490820518003568,-1.1678094057694615,-7.776876590582022,1.2338719908286289,-0.9124412150953233,-7.455445814848717,habitual_integral,120.0,1.3322676295501878e-15
reprocessed_data,bilateral,36.0,1.326,0.6772094354663557,0.0021098039890823555,4.131742533101652,3.846373407311902,4.131742533101652,3.846367528206784,-6.9067499609063665,6.796832176225576,6.452898084499381,38.60008721172536,40.97278799539435,2.3727007836689906,-1.007537030199391,-0.7892373403228561,-7.485937686842268,1.4241975176105683,-0.8450097916746638,-6.906749960906363,habitual_integral,120.0,1.9984014443252818e-15
reprocessed_data,bilateral,36.25,1.326,0.6772094354663557,0.0021098039890823555,4.131742533101652,3.867891144231772,4.131742533101652,3.8678861612472697,-6.38595911424833,6.253742444139854,5.937715264953636,38.60008721172536,40.78448701743215,2.1843998057067884,-0.5563463684743342,-0.43580465530489504,-7.204900326490313,1.5999887517001392,-0.7810475394581539,-6.385959114248328,habitual_integral,120.0,2.4424906541753444e-15
reprocessed_data,bilateral,36.5,1.326,0.6772094354663557,0.0021098039890823555,4.131742533101652,3.8889323864395253,4.131742533101652,3.8889282017188536,-5.876700804003187,5.7277642809996365,5.4386980143835695,38.60008721172536,40.60188681191148,2.001799600186116,-0.12283126366246164,-0.09621782320226162,-6.924659439694804,1.7664982362610862,-0.7185396005694685,-5.876700804003187,habitual_integral,120.0,2.220446049250313e-15
reprocessed_data,bilateral,36.75,1.326,0.6772094354663557,0.0021098039890823555,4.131742533101652,3.909487764925165,4.131742533101652,3.9094842872672837,-5.3792017870397775,5.2187189304293335,4.9556821766962855,38.60008721172536,40.42495240943439,1.8248651977090302,0.29274664387020477,0.22931820436499373,-6.645207632646054,1.9235174164334317,-0.6575115708271598,-5.379201787039783,habitual_integral,120.0,2.6645352591003757e-15
reprocessed_data,bilateral,37.0,1.326,0.6772094354663557,0.0021098039890823555,4.131742533101652,3.9295481285337512,4.131742533101652,3.9295452731407967,-4.893683547510774,4.726432261757174,4.488507865357638,38.60008721172536,40.25364852431219,1.653561312586832,0.6901333326558603,0.5406044439137572,-6.36653762603764,2.0708423796843523,-0.5979883011574891,-4.893683547510776,habitual_integral,120.0,5.084821452783217e-14
reprocessed_data,bilateral,37.25,1.326,0.6772094354663557,0.0021098039890823555,4.131742533101652,3.9490980187903086,4.131742533101652,3.9490957068469057,-4.420520224773883,4.250892963674713,4.037169610524272,38.60008721172536,40.08799480491471,1.487907593189347,1.0689566735505676,0.8373493942812779,-6.088739831414471,2.2082328687222876,-0.5400132620816954,-4.420520224773879,habitual_integral,120.0,4.04121180963557e-14
reprocessed_data,bilateral,37.5,1.326,0.6772094354663557,0.0021098039890823555,4.131742533101652,3.9681354638164885,4.131742533101652,3.968133622630181,-3.9597595439313404,3.791770696833474,3.601359036144358,38.60008721172536,39.927898111053956,1.3278108993285964,1.4291123287466914,1.1194713241849084,-5.8117090750705245,2.335539389991479,-0.48358985885229616,-3.9597595439313413,habitual_integral,120.0,3.042011087472929e-14
reprocessed_data,bilateral,37.75,1.326,0.6772094354663557,0.0021098039890823555,4.131742533101652,3.9866519987106526,4.131742533101652,3.986650561250251,-3.511606379840937,3.3489056334662592,3.180929435427049,38.60008721172536,39.77332301000246,1.1732357982771002,1.7703702317948895,1.3867900149059966,-5.535438413928337,2.452572759555902,-0.42874072546850295,-3.511606379840938,habitual_integral,120.0,2.1316282072803006e-14
reprocessed_data,bilateral,38.0,1.326,0.6772094354663557,0.0021098039890823555,4.131742533101652,4.004639397660595,4.131742533101652,4.004638302318264,-3.076259820711569,2.922142651997084,2.7757384295579612,38.60008721172536,39.62423421147817,1.0241469997528063,2.092508665361451,1.6391317878664695,-5.2599210097845335,2.559148948233798,-0.37548775916083527,-3.07625982071157,habitual_integral,120.0,1.4432899320127035e-14
reprocessed_data,bilateral,38.25,1.326,0.6772094354663557,0.0021098039890823555,4.131742533101652,4.022070968008453,4.131742533101652,4.0220701580836025,-2.6543659052944313,2.5117701620616772,2.386064678972377,38.60008721172536,39.48075015692677,0.8806629452014048,2.3949917140359727,1.8760768426615115,-4.985463145191092,2.655004711757014,-0.32390747186034835,-2.6543659052944264,habitual_integral,120.0,8.43769498715119e-15
reprocessed_data,bilateral,38.5,1.326,0.6772094354663557,0.0021098039890823555,4.131742533101652,4.03895833622024,4.131742533101652,4.038957760354449,-2.245643239821127,2.117182142621421,2.0113374209955293,38.60008721172536,39.34267533908792,0.742588127362559,2.677963528518255,2.0977380973393,-4.711743487449541,2.740063209702722,-0.27396296207431126,-2.245643239821131,habitual_integral,120.0,5.329070518200751e-15
reprocessed_data,bilateral,38.75,1.326,0.6772094354663557,0.0021098039890823555,4.131742533101652,4.0552940250339535,4.131742533101652,4.055293636592015,-1.8502727954422982,1.7382383615846209,1.6514279624440187,38.60008721172536,39.20997567379312,0.6098884620677592,2.9412284800188084,2.303962309348066,-4.438755522146131,2.814156639920729,-0.2256739132168926,-1.8502727954422946,habitual_integral,120.0,1.9984014443252818e-15
reprocessed_data,bilateral,39.0,1.326,0.6772094354663557,0.0021098039890823555,4.131742533101652,4.071070815933022,4.131742533101652,4.071070572782862,-1.4684292809282073,1.374803286214843,1.3062119199674038,38.60008721172536,39.08261756927443,0.48253035754907136,3.1845999875615973,2.494603323589918,-4.166492830824508,2.8771228156873185,-0.17905926579101977,-1.468429280928208,habitual_integral,120.0,1.3322676295501878e-15
reprocessed_data,bilateral,39.25,1.326,0.6772094354663557,0.0021098039890823555,4.131742533101652,4.086277651657876,4.131742533101652,4.086277515930141,-1.100380313621474,1.0268396403629643,0.9756580984442875,38.60008721172536,38.960600818537245,0.36051360681188527,3.407840936041912,2.669475399899498,-3.8950273733582397,2.928796385793799,-0.13414932605703117,-1.1003803136214718,habitual_integral,120.0,6.661338147750939e-16
reprocessed_data,bilateral,39.5,1.326,0.6772094354663557,0.0021098039890823555,4.131742533101652,4.100912113252243,4.131742533101652,4.100912051195288,-0.7461844391902228,0.694122788631435,0.6595571665728439,38.60008721172536,38.8438585227359,0.24377131101053773,3.6108496475709155,2.828498890597217,-3.6242742233584586,2.969038709574711,-0.09094892540647549,-0.7461844391902233,habitual_integral,120.0,-2.220446049250313e-16
reprocessed_data,bilateral,39.75,1.326,0.6772094354663557,0.0021098039890823555,4.131742533101652,4.114967785763529,4.131742533101652,4.114967767492625,-0.4059969178556333,0.37653143926714705,0.3577977912974539,38.60008721172536,38.73235904516048,0.1322718334351214,3.793467669910168,2.971549674762965,-3.354227243903434,2.9977050810302286,-0.04947475498242323,-0.40599691785562875,habitual_integral,120.0,0.0
reprocessed_data,bilateral,40.0,1.326,0.6772094354663557,0.0021098039890823555,4.131742533101652,4.128438530537526,4.131742533101652,4.128438529832431,-0.07996632262672332,0.07394898038040054,0.07027292332408841,38.60008721172536,38.626071511099916,0.025984299374559594,3.9555462485076958,3.098511227997695,-3.084880386350426,3.0146568111854775,-0.009742747461778663,-0.07996632262672712,habitual_integral,120.0,4.440892098500626e-16
reprocessed_data,bilateral,40.25,1.326,0.6772094354663557,0.0021098039890823555,4.131742533101652,4.13531063944271,4.131742533101652,4.135310638622586,0.08635839025477043,-0.07974280405275147,-0.0757804599436529,38.60008721172536,38.57206341273663,-0.028023798988729975,4.031400834418829,3.1579306536280827,-2.950450437560241,3.0262883678362726,0.010520459978736869,0.08635839025476887,habitual_integral,120.0,2.220446049250313e-16
reprocessed_data,bilateral,40.5,1.326,0.6772094354663557,0.0021098039890823555,4.131742533101652,4.141872236112902,4.131742533101652,4.1418722295198345,0.24516781793868514,-0.22606951439636536,-0.2148410120888511,38.60008721172536,38.52063040106138,-0.07945681066398036,4.097042526810746,3.209349979335084,-2.8161933342687937,3.031496906731789,0.029864245475696813,0.24516781793869197,habitual_integral,120.0,7.105427357601002e-15
reprocessed_data,bilateral,40.75,1.326,0.6772094354663557,0.0021098039890823555,4.131742533101652,4.148119366339545,4.131742533101652,4.148119349148663,0.39636625725560926,-0.3650032346130372,-0.34688131007875045,38.60008721172536,38.471784321790416,-0.12830288993494476,4.1523647564206225,3.2526857258628215,-2.68210834416305,3.0301971091098876,0.048277492308770695,0.39636625725560815,habitual_integral,120.0,3.219646771412954e-14
reprocessed_data,bilateral,41.0,1.326,0.6772094354663557,0.0021098039890823555,4.131742533101652,4.154048283424188,4.131742533101652,4.154048251606361,0.5398630273748317,-0.49651831760070264,-0.4718761225540824,38.60008721172536,38.42553610159708,-0.17455111012827929,4.197267679652101,3.287859682394146,-2.5481947401260787,3.0223080903738215,0.06574967712708339,0.539863027374826,habitual_integral,120.0,7.949196856316121e-14
reprocessed_data,bilateral,41.25,1.326,0.6772094354663557,0.0021098039890823555,4.131742533101652,4.159653394156537,4.131742533101652,4.159653344447307,0.6755227565918398,-0.6205458661035723,-0.589759146811919,38.60008721172536,38.38191176224535,-0.218175449480007,4.231645805813126,3.314789214553615,-2.4145077108285076,3.007765650604444,0.08226481681589642,0.6755227565918327,habitual_integral,120.0,1.5720758028692217e-13
reprocessed_data,bilateral,41.5,1.326,0.6772094354663557,0.0021098039890823555,4.131742533101652,4.164933553630932,4.131742533101652,4.1649334834788085,0.8033177349113352,-0.7371129376105179,-0.7005553184799895,38.60008721172536,38.34090346086533,-0.2591837508600314,4.255429655092556,3.3334198964891684,-2.2809904868951585,2.986488207176335,0.09782001463014932,0.8033177349113257,habitual_integral,120.0,2.6334490144108713e-13
reprocessed_data,bilateral,41.75,1.326,0.6772094354663557,0.0021098039890823555,4.131742533101652,4.169885655066338,4.131742533101652,4.1698855625971865,0.9231727693364444,-0.8462003301256793,-0.8042456483066007,38.60008721172536,38.302519505347846,-0.2975677063775106,4.268540049782545,3.343689705662993,-2.1476423573808443,2.9584085575704155,0.11240656914687053,0.9231727693364418,habitual_integral,120.0,3.9901415505028126e-13
reprocessed_data,bilateral,42.0,1.326,0.6772094354663557,0.0021098039890823555,4.131742533101652,4.1745068095806,4.131742533101652,4.174506693556659,1.0350179406470872,-0.9477908928053891,-0.9008131381136097,38.60008721172536,38.266767369503754,-0.3333198422216077,4.27090483340703,3.3455421195021735,-2.014462616325859,2.9234641597684607,0.12601639720447833,1.0350179406470799,habitual_integral,120.0,-5.255795798575491e-13
reprocessed_data,bilateral,42.25,1.326,0.6772094354663557,0.0021098039890823555,4.131742533101652,4.178712177485681,4.131742533101652,4.1787120377487375,1.1367998854655115,-1.040068064193389,-0.9885303177117444,38.60008721172536,38.23428781753566,-0.3657993941897031,4.262628289591501,3.339058826846676,-1.8843370608084107,2.882736863259359,0.13840008301456574,1.1367998854655141,habitual_integral,120.0,-3.448352714485736e-13
reprocessed_data,bilateral,42.5,1.326,0.6772094354663557,0.0021098039890823555,4.131742533101652,4.182587983882783,4.131742533101652,4.1825878203789175,1.2306054981350067,-1.1249683215684203,-1.0692373034136948,38.60008721172536,38.20440058383269,-0.39568662789267184,4.243705849388353,3.3242362486875425,-1.7543713375071297,2.835164888743529,0.14981194689860328,1.2306054981350023,habitual_integral,120.0,-1.4643841694805815e-13
reprocessed_data,bilateral,42.75,1.326,0.6772094354663557,0.0021098039890823555,4.131742533101652,4.186132033141006,4.131742533101652,4.186131846306465,1.316381638100883,-1.2024795634534513,-1.1429220503869741,38.60008721172536,38.17711099741118,-0.42297621431418575,4.214086989501672,3.3010348084429757,-1.6245647990437773,2.7807005802060667,0.16024585693859242,1.3163816381008817,habitual_integral,120.0,0.0
reprocessed_data,bilateral,43.0,1.326,0.6772094354663557,0.0021098039890823555,4.131742533101652,4.189342351770328,4.131742533101652,4.189342142489786,1.3940805412537838,-1.272591619920127,-1.2095743942435844,38.60008721172536,38.15242360737774,-0.44766360434761454,4.173728297557771,3.269420499753587,-1.4949168024324437,2.719301034838368,0.16969630884786635,1.3940805412537907,habitual_integral,120.0,-4.440892098500626e-16
reprocessed_data,bilateral,43.25,1.326,0.6772094354663557,0.0021098039890823555,4.131742533101652,4.19221300752993,4.131742533101652,4.192212777125794,1.4635586303797021,-1.3352050522579817,-1.2690993493738367,38.60008721172536,38.13037430221158,-0.46971290951378086,4.1226683975019816,3.229423578043219,-1.3656382976253938,2.6510508088155116,0.1781461191895921,1.46355863037971,habitual_integral,120.0,0.0
reprocessed_data,bilateral,43.5,1.326,0.6772094354663557,0.0021098039890823555,4.131742533101652,4.194747149474503,4.131742533101652,4.194746899600024,1.5248921216190592,-1.3904155307836508,-1.3215874601170907,38.60008721172536,38.110930167951054,-0.489157043774302,4.06081995756411,3.1809756334252195,-1.2365165488883714,2.5758038621930393,0.1856048083143909,1.5248921216190587,habitual_integral,120.0,-2.220446049250313e-16
reprocessed_data,bilateral,43.75,1.326,0.6772094354663557,0.0021098039890823555,4.131742533101652,4.196943478896584,4.131742533101652,4.196943211524841,1.5780495825325813,-1.4382184382552232,-1.367033979539456,38.60008721172536,38.09409350615377,-0.5059937055715891,3.9881610643845593,3.1240595004345715,-1.1075509292401837,2.49353173737676,0.19206877439601358,1.57804958253259,habitual_integral,120.0,-2.220446049250313e-16
reprocessed_data,bilateral,44.0,1.326,0.6772094354663557,0.0021098039890823555,4.131742533101652,4.198800923139255,4.131742533101652,4.198800640520108,1.6230050517514583,-1.4786109710943407,-1.4054359319775278,38.60008721172536,38.07986588592055,-0.520221325804815,3.9046770060183325,3.0586636547143606,-0.9787408159006056,2.4042108154513757,0.1975350522006862,1.6230050517514563,habitual_integral,120.0,0.0
reprocessed_data,flat_below,30.0,1.326,0.6781678312317156,0.0021098039890823555,4.2156191913416885,3.6430648651846096,4.2156191913416885,3.6430394557796513,-13.581737347932854,14.258869309997912,13.524919727202844,38.60008721172534,43.53278613631936,4.932698924594026,-4.8670767732371445,-3.812543472369097,-14.39337399597952,2.4797608794031394,-1.6681242313564693,-13.58173734793285,habitual_integral,120.0,1.9984014443252818e-15
reprocessed_data,flat_below,30.25,1.326,0.6781678312317156,0.0021098039890823555,4.2156191913416885,3.6584665141079644,4.2156191913416885,3.6584426005032626,-13.216390094675546,13.82474499008044,13.113794352779596,38.60008721172534,43.385395081466726,4.7853078697413896,-4.567910529765898,-3.578196581649954,-14.08530069948623,2.4918479046129023,-1.6229372998022134,-13.21639009467554,habitual_integral,120.0,1.7763568394002505e-15
reprocessed_data,flat_below,30.5,1.326,0.6781678312317156,0.0021098039890823555,4.2156191913416885,3.6738147831338392,4.2156191913416885,3.673792306629186,-12.852309082391555,13.395260772050799,12.707028070202275,38.60008721172534,43.23937964014487,4.639292428419534,-4.2726465276453895,-3.346906446655556,-13.778278229450985,2.503889854763823,-1.577920707704393,-12.852309082391555,habitual_integral,120.0,1.3322676295501878e-15
reprocessed_data,flat_below,30.75,1.326,0.6781678312317156,0.0021098039890823555,4.2156191913416885,3.689110245430909,4.2156191913416885,3.6890891487646718,-12.489480714770396,12.97033432314436,12.30454356627748,38.60008721172534,43.094720635608375,4.494633423883037,-3.9812802307380832,-3.1186695140781655,-13.47229491053369,2.5158872928705143,-1.533073097107214,-12.48948071477039,habitual_integral,120.0,1.3322676295501878e-15
reprocessed_data,flat_below,31.0,1.326,0.6781678312317156,0.0021098039890823555,4.2156191913416885,3.7043534646298775,4.2156191913416885,3.7043336919410526,-12.127891621754683,12.54988535158712,11.906265448362552,38.60008721172534,42.95139923585904,4.3513120241337075,-3.6938075456221813,-2.893482577404042,-13.167339283336792,2.5278407703098216,-1.4883931087277082,-12.12789162175468,habitual_integral,120.0,1.1102230246251565e-15
reprocessed_data,flat_below,31.25,1.326,0.6781678312317156,0.0021098039890823555,4.2156191913416885,3.719541704771222,4.2156191913416885,3.719523201293001,-11.767606703882139,12.133925332931184,11.512205250651464,38.60008721172534,42.80942761207428,4.209340400348943,-3.410285913292123,-2.6713906320788294,-12.86347039855237,2.5397527169094296,-1.443889022239203,-11.767606703882143,habitual_integral,120.0,8.881784197001252e-16
reprocessed_data,flat_below,31.5,1.326,0.6781678312317156,0.0021098039890823555,4.2156191913416885,3.7346788233717474,4.2156191913416885,3.7346615359577577,-11.40853445580966,11.722286214944333,11.122204426150706,38.60008721172534,42.66875637307173,4.068669161346394,-3.1306493069779493,-2.452341957132727,-12.560606449197431,2.551621761045149,-1.3995497676573772,-11.40853445580966,habitual_integral,120.0,6.661338147750939e-16
reprocessed_data,flat_below,31.75,1.326,0.6781678312317156,0.0021098039890823555,4.2156191913416885,3.749765356344321,4.2156191913416885,3.7497492331406996,-11.050662164983216,11.314893497486867,10.736193030905937,38.60008721172534,42.52936768849014,3.9292804767648013,-2.85489490173037,-2.2363343396887903,-12.258736598554075,2.563448421264534,-1.355373987693674,-11.050662164983216,habitual_integral,120.0,6.661338147750939e-16
reprocessed_data,flat_below,32.0,1.326,0.6781678312317156,0.0021098039890823555,4.2156191913416885,3.7648018308805278,4.2156191913416885,3.764786821292257,-10.693977325729008,10.91167447503041,10.354102809006239,38.60008721172534,42.391244043651476,3.7911568319261404,-2.5830202750782716,-2.023365882144646,-11.957850204509684,2.5752332057321645,-1.3113603269514884,-10.693977325729007,habitual_integral,120.0,4.440892098500626e-16
reprocessed_data,flat_below,32.25,1.326,0.6781678312317156,0.0021098039890823555,4.2156191913416885,3.779749710936382,4.2156191913416885,3.7797357628799353,-10.339394063404105,10.513594670432514,9.976849446448611,38.60008721172534,42.25472389508245,3.6546366833571096,-2.315717874405916,-1.8139790016179675,-11.658771458468381,2.586999083949984,-1.2676216888857026,-10.3393940634041,habitual_integral,120.0,4.440892098500626e-16
reprocessed_data,flat_below,32.5,1.326,0.6781678312317156,0.0021098039890823555,4.2156191913416885,3.7946488158313487,4.2156191913416885,3.794635881380388,-9.985967811678908,10.11952746238871,9.603366011650216,38.60008721172534,42.11942830297678,3.5193410912514436,-2.052271373502719,-1.6076125759104634,-11.360650117808458,2.5987239460981484,-1.2240416399685998,-9.98596781167891,habitual_integral,120.0,4.440892098500626e-16
reprocessed_data,flat_below,32.75,1.326,0.6781678312317156,0.0021098039890823555,4.2156191913416885,3.8094996438130058,4.2156191913416885,3.809487676195806,-9.633686751469329,9.72940572699683,9.23358949698294,38.60008721172534,41.985340788478524,3.385253576753189,-1.7926795115733756,-1.4042656173991441,-11.063476179047587,2.6104082724601434,-1.180618844881887,-9.633686751469329,habitual_integral,120.0,0.0
reprocessed_data,flat_below,33.0,1.326,0.6781678312317156,0.0021098039890823555,4.2156191913416885,3.8243026852136848,4.2156191913416885,3.8242916387834973,-9.282539251451238,9.343163909169272,8.86745836993783,38.60008721172534,41.85244515944551,3.2523579477201747,-1.536941391252447,-1.20393742314775,-10.767239812832427,2.62205253399866,-1.137351972617475,-9.282539251451244,habitual_integral,120.0,-2.220446049250313e-16
reprocessed_data,flat_below,33.25,1.326,0.6781678312317156,0.0021098039890823555,4.2156191913416885,3.839049810740956,4.2156191913416885,3.8390396404475777,-8.932718149071794,8.960960423794461,8.505123422489058,38.60008721172534,41.720802161902945,3.120714950177611,-1.2852025866687908,-1.0067420262238862,-10.472115451807008,2.6336621564981386,-1.094264853762924,-8.932718149071794,habitual_integral,120.0,0.0
reprocessed_data,flat_below,33.5,1.326,0.6781678312317156,0.0021098039890823555,4.2156191913416885,3.8537501617272825,4.2156191913416885,3.8537408241385784,-8.584006599970795,8.582505915068372,8.146310959281088,38.60008721172534,41.59031815459174,2.9902309428664067,-1.0373122838689872,-0.8125612890307067,-10.177908369618608,2.6452326019280137,-1.0513308322802015,-8.584006599970795,habitual_integral,120.0,0.0
reprocessed_data,flat_below,33.75,1.326,0.6781678312317156,0.0021098039890823555,4.2156191913416885,3.868404204929701,4.2156191913416885,3.8683956576527763,-8.236393532060958,8.207739364944011,7.790963712990173,38.60008721172534,41.46097779666681,2.8608905849414725,-0.7932706277124785,-0.6213953250414416,-9.884609251823345,2.656764315085607,-1.008548595323221,-8.23639353206096,habitual_integral,120.0,8.881784197001252e-16
reprocessed_data,flat_below,34.0,1.326,0.6781678312317156,0.0021098039890823555,4.2156191913416885,3.883012399848321,4.2156191913416885,3.8830046015031754,-7.889868045398806,7.83660114293121,7.439025720544334,38.60008721172534,41.33276601016804,2.7326787984427003,-0.5530780947943796,-0.4332445075889307,-9.592208941604168,2.6682577323911234,-0.9659168361857624,-7.889868045398806,habitual_integral,120.0,8.881784197001252e-16
reprocessed_data,flat_below,34.25,1.326,0.6781678312317156,0.0021098039890823555,4.2156191913416885,3.897570175184547,4.2156191913416885,3.897563085140533,-7.544538577164928,7.46915935133583,7.090562148227586,38.60008721172534,41.20571169658203,2.6056244848566887,-0.31681647820678194,-0.24817290792864588,-9.300805852859064,2.679716182591668,-0.9234489068975261,-7.544538577164923,habitual_integral,120.0,1.1102230246251565e-15
reprocessed_data,flat_below,34.5,1.326,0.6781678312317156,0.0021098039890823555,4.2156191913416885,3.9120830309645194,4.2156191913416885,3.91207660981825,-7.200274659546846,7.105228221379689,6.745397402701725,38.60008721172534,41.07975581108845,2.4796685993631105,-0.08440324370484031,-0.06611587423545824,-9.010283069323261,2.6911371699882243,-0.8811287602118062,-7.200274659546842,habitual_integral,120.0,1.7763568394002505e-15
reprocessed_data,flat_below,34.75,1.326,0.6781678312317156,0.0021098039890823555,4.2156191913416885,3.9265514053491657,4.2156191913416885,3.926545614634512,-6.85706589879439,6.744752105230978,6.4034792637841065,38.60008721172534,40.954884046970804,2.354796835245465,0.14416018074640985,0.11292547491802106,-8.720631894774513,2.702521107335604,-0.8389551113554821,-6.857065898794391,habitual_integral,120.0,1.9984014443252818e-15
reprocessed_data,flat_below,35.0,1.326,0.6781678312317156,0.0021098039890823555,4.2156191913416885,3.940975729827562,4.2156191913416885,3.9409705319921744,-6.514902059422423,6.387676587471258,6.064756669358773,38.60008721172534,40.83108233907586,2.2309951273505266,0.3688720633424622,0.28894978295159535,-8.431843776207012,2.713868399838821,-0.7969266830542343,-6.514902059422425,habitual_integral,120.0,1.9984014443252818e-15
reprocessed_data,flat_below,35.25,1.326,0.6781678312317156,0.0021098039890823555,4.2156191913416885,3.955262795768431,4.2156191913416885,3.955258150640784,-6.175994172054111,6.036244318424933,5.731357836933415,38.60008721172534,40.709133868462736,2.109046656737401,0.5883026841519706,0.4608371025857103,-8.145912900490416,2.725233591923579,-0.7553148634872795,-6.175994172054115,habitual_integral,120.0,1.9984014443252818e-15
reprocessed_data,flat_below,35.5,1.326,0.6781678312317156,0.0021098039890823555,4.2156191913416885,3.9695072142797563,4.2156191913416885,3.969503086526984,-5.838097937484788,5.688064869185605,5.401015822801347,38.60008721172534,40.58821456210173,1.9881273503763952,0.8039275527251678,0.6297432496347147,-7.86081669828971,2.7365626475683684,-0.71384388676345,-5.838097937484793,habitual_integral,120.0,1.5543122344752192e-15
reprocessed_data,flat_below,35.75,1.326,0.6781678312317156,0.0021098039890823555,4.2156191913416885,3.983709389676888,4.2156191913416885,3.983705744797039,-5.501203764825624,5.343088295412013,5.073683764373382,38.60008721172534,40.46831130811027,1.868224096384935,1.0157441167110313,0.7956662247569743,-7.576547194539799,2.7478559536853733,-0.6725125239712028,-5.501203764825628,habitual_integral,120.0,2.6645352591003757e-15
reprocessed_data,flat_below,36.0,1.326,0.6781678312317156,0.0021098039890823555,4.2156191913416885,3.9978697202796796,4.2156191913416885,3.997866524581267,-5.165302205408806,5.001265724228876,4.749315805605736,38.60008721172534,40.34941121145136,1.7493239997260268,1.223749551582381,0.9586038154061985,-7.2930965412546005,2.7591138903134356,-0.6313195544676375,-5.165302205408802,habitual_integral,120.0,1.9984014443252818e-15
reprocessed_data,flat_below,36.25,1.326,0.6781678312317156,0.0021098039890823555,4.2156191913416885,4.011562957999129,4.2156191913416885,4.0115601664880645,-4.840480700004002,4.672730026400029,4.437529175454147,38.60008721172534,40.23504685749477,1.6349596457694349,1.4218321785384682,1.1137685398551334,-7.019562880044039,2.7705834083072665,-0.5915012282672253,-4.840480700003998,habitual_integral,120.0,4.951594689828198e-14
reprocessed_data,flat_below,36.5,1.326,0.6781678312317156,0.0021098039890823555,4.2156191913416885,4.02521756125799,4.2156191913416885,4.02521514369371,-4.516575654526811,4.347073060736206,4.128448084749103,38.60008721172534,40.121602694927425,1.5215154832020905,1.6163243555179352,1.266120745155716,-6.74678196080192,2.782017133625201,-0.5518108273500881,-4.516575654526807,habitual_integral,120.0,4.263256414560601e-14
reprocessed_data,flat_below,36.75,1.326,0.6781678312317156,0.0021098039890823555,4.2156191913416885,4.038833877838054,4.2156191913416885,4.038831804667045,-4.193578819138299,4.024252982626519,3.822033274644676,38.60008721172534,40.00906752338281,1.4089803116574762,1.8072228015921135,1.4156578612471555,-6.474746996195859,2.7934154386312917,-0.5122472615737337,-4.193578819138301,habitual_integral,120.0,3.5083047578154947e-14
reprocessed_data,flat_below,37.0,1.326,0.6781678312317156,0.0021098039890823555,4.2156191913416885,4.052412250613945,4.2156191913416885,4.052410492953514,-3.871482060404041,3.704228797457998,3.5182462845929185,38.60008721172534,39.89743031970882,1.297343107983484,1.9945240136283646,1.5623771440088858,-6.203451301009305,2.80477868930322,-0.47280944869795805,-3.8714820604040425,habitual_integral,120.0,2.7755575615628914e-14
reprocessed_data,flat_below,37.25,1.326,0.6781678312317156,0.0021098039890823555,4.2156191913416885,4.065948492844834,4.2156191913416885,4.065947022375817,-3.5503846932915084,3.3870660473061864,3.2171497898235035,38.60008721172534,39.7867171469237,1.1866299351983634,2.1781634029423658,1.7062279989715199,-5.93298511752707,2.81610987307937,-0.43350944884380704,-3.550384693291508,habitual_integral,120.0,2.2426505097428162e-14
reprocessed_data,flat_below,37.5,1.326,0.6781678312317156,0.0021098039890823555,4.2156191913416885,4.0794474874944475,4.2156191913416885,4.079446276647035,-3.2301708875156265,3.072617858352289,2.9186048099121953,38.60008721172534,39.676879830925856,1.0767926192005173,2.358200315863771,1.8472569140932875,-5.663244612790201,2.827406704471518,-0.3943329791969457,-3.2301708875156283,habitual_integral,120.0,1.6209256159527285e-14
reprocessed_data,flat_below,37.75,1.326,0.6781678312317156,0.0021098039890823555,4.2156191913416885,4.092909562931055,4.2156191913416885,4.092908584759444,-2.9108328537516437,2.7608456941999426,2.6225751926908902,38.60008721172534,39.56790787060932,0.9678206588839833,2.53463061215103,1.9854606461849733,-5.394223402128557,2.838669531290127,-0.35527898291321425,-2.9108328537516446,habitual_integral,120.0,1.1102230246251565e-14
reprocessed_data,flat_below,38.0,1.326,0.6781678312317156,0.0021098039890823555,4.2156191913416885,4.106335042976676,4.2156191913416885,4.106334271144487,-2.592362910517798,2.4517117829592205,2.3290255038280305,38.60008721172534,39.45979092873571,0.8597037170103683,2.7074499461087966,2.1208357911185574,-5.125915194627219,2.8498986955343923,-0.31634641142497555,-2.592362910517802,habitual_integral,120.0,8.43769498715119e-15
reprocessed_data,flat_below,38.25,1.326,0.6781678312317156,0.0021098039890823555,4.2156191913416885,4.119709883962356,4.2156191913416885,4.119709292548031,-2.2750941920066547,2.1455069856646025,2.0382324066920754,38.60008721172534,39.35263360840911,0.7525463966837675,2.8764739569974997,2.253237932981375,-4.85862123377279,2.861102893227321,-0.27757585146118074,-2.27509419200665,habitual_integral,120.0,4.884981308350689e-15
reprocessed_data,flat_below,38.5,1.326,0.6781678312317156,0.0021098039890823555,4.2156191913416885,4.133048840775634,4.2156191913416885,4.133048404672794,-1.9586766929907573,1.8418616447833935,1.7498453089159982,38.60008721172534,39.2463093294237,0.646222117698364,3.0418854917846625,2.382810301897986,-4.592026363612789,2.8722740597115908,-0.2389243890895542,-1.9586766929907524,habitual_integral,120.0,2.6645352591003757e-15
reprocessed_data,flat_below,38.75,1.326,0.6781678312317156,0.0021098039890823555,4.2156191913416885,4.146352223100163,4.2156191913416885,4.14635191776851,-1.6431030673688674,1.5407402810461823,1.4638309285131657,38.60008721172534,39.14080825933625,0.5407210476109092,3.203679627398863,2.5095490414624426,-4.326124583788823,2.883412520665046,-0.20039100424509051,-1.6431030673688667,habitual_integral,120.0,1.5543122344752192e-15
reprocessed_data,flat_below,39.0,1.326,0.6781678312317156,0.0021098039890823555,4.2156191913416885,4.159620336414234,4.2156191913416885,4.159620137866469,-1.3283660687964605,1.2421081024686975,1.180156628689244,38.60008721172534,39.03612071693728,0.43603350521194684,3.361851251002245,2.6334501466184252,-4.060909979923467,2.894518596462588,-0.1619746853355833,-1.3283660687964627,habitual_integral,120.0,8.881784197001252e-16
reprocessed_data,flat_below,39.25,1.326,0.6781678312317156,0.0021098039890823555,4.2156191913416885,4.17284991252448,4.2156191913416885,4.17284979729416,-1.0145432230940221,0.9460106554590286,0.8988660892416567,38.60008721172534,38.93226512039125,0.3321779086659149,3.5163538118953133,2.7544771526513285,-3.7964531489136784,2.905594684313446,-0.12368475849379386,-1.0145432230940257,habitual_integral,120.0,2.220446049250313e-16
reprocessed_data,flat_below,39.5,1.326,0.6781678312317156,0.0021098039890823555,4.2156191913416885,4.186044836913036,4.2156191913416885,4.186044782093168,-0.701542361544294,0.6523335046501266,0.619851007263561,38.60008721172534,38.829203704920786,0.22911649319544702,3.6672250435577305,2.872659617453556,-3.5326715270486444,2.9166390035868344,-0.08550983808248219,-0.7015423615442918,habitual_integral,120.0,2.220446049250313e-16
reprocessed_data,flat_below,39.75,1.326,0.6781678312317156,0.0021098039890823555,4.2156191913416885,4.1992054026543135,4.2156191913416885,4.199205385853206,-0.3893565320389203,0.361043845815745,0.3430806117777241,38.60008721172534,38.72692723377216,0.1268400220468202,3.814459289038551,2.9879931097468653,-3.2695594526442013,2.927651859528645,-0.04744893892335943,-0.38935653203891557,habitual_integral,120.0,0.0
reprocessed_data,flat_below,40.0,1.326,0.6781678312317156,0.0021098039890823555,4.2156191913416885,4.212331898914869,4.2156191913416885,4.212331898244339,-0.07797887516907132,0.07210949605713779,0.06852471496732182,38.60008721172534,38.62542661035632,0.025339398630985777,3.9580507152234845,3.1004730602583965,-3.0071113432932495,2.938633552536851,-0.00950108441267699,-0.07797887516907513,habitual_integral,120.0,-9.992007221626409e-16
reprocessed_data,flat_below,40.25,1.326,0.6781678312317156,0.0021098039890823555,4.2156191913416885,4.21916931249874,4.2156191913416885,4.219169311718741,0.084213516352305,-0.07776336789773186,-0.07389915923112778,38.60008721172534,38.57275755758825,-0.0273296541370871,4.028699547657883,3.155814645665342,-2.8761177924518155,2.950071602927099,0.010259705877016842,0.08421351635229983,habitual_integral,120.0,6.661338147750939e-16
reprocessed_data,flat_below,40.5,1.326,0.6781678312317156,0.0021098039890823555,4.2156191913416885,4.225697999126786,4.2156191913416885,4.225697992855691,0.23908250075808102,-0.22046909162312112,-0.20951801425770356,38.60008721172534,38.522594823418956,-0.07749238830638272,4.089383033532525,3.2033500429338115,-2.7452882165052155,2.9552461304149236,0.02912458684837794,0.23908250075808596,habitual_integral,120.0,7.105427357601002e-15
reprocessed_data,flat_below,40.75,1.326,0.6781678312317156,0.0021098039890823555,4.2156191913416885,4.231913993171093,4.2156191913416885,4.231913976818243,0.3865340081683044,-0.3559782310116333,-0.3383030198634729,38.60008721172534,38.47495068434529,-0.12513652738004866,4.139996283929031,3.242997089077741,-2.6146219390076153,2.9540733331885716,0.04708261398733898,0.38653400816829525,habitual_integral,120.0,2.930988785010413e-14
reprocessed_data,flat_below,41.0,1.326,0.6781678312317156,0.0021098039890823555,4.2156191913416885,4.2378135367147465,4.2156191913416885,4.237813506445389,0.5264788958794453,-0.4842636608717199,-0.46022758289583354,38.60008721172534,38.429836488081925,-0.17025072364341143,4.180441010821907,3.274678791810494,-2.48411828818678,2.9464737584879725,0.06412342557825869,0.5264788958794514,habitual_integral,120.0,7.527312106958561e-14
reprocessed_data,flat_below,41.25,1.326,0.6781678312317156,0.0021098039890823555,4.2156191913416885,4.243391035681656,4.2156191913416885,4.2433909883877705,0.6587844650913111,-0.605256169558599,-0.5752251431047406,38.60008721172534,38.38727827604742,-0.21280893567791614,4.210614694926729,3.2983148443592714,-2.3538310865727254,2.9323842127253172,0.08023133893872562,0.6587844650913175,habitual_integral,120.0,1.454392162258955e-13
reprocessed_data,flat_below,41.5,1.326,0.6781678312317156,0.0021098039890823555,4.2156191913416885,4.248645323685059,4.2156191913416885,4.248645256936496,0.7834230475846082,-0.718980257910451,-0.6833182446891239,38.60008721172534,38.34726901968317,-0.25281819204217015,4.230447521900571,3.313850558822113,-2.2237050472918325,2.9117246554908185,0.09540343938561759,0.7834230475846038,habitual_integral,120.0,2.4491519923230953e-13
reprocessed_data,flat_below,41.75,1.326,0.6781678312317156,0.0021098039890823555,4.2156191913416885,4.253573283615408,4.2156191913416885,4.253573195626284,0.900320701444568,-0.8254154157631866,-0.7844866915631798,38.60008721172534,38.30981740969321,-0.29026980203212815,4.239861492413888,3.3212248357242116,-2.0937395131474803,2.8844290589692156,0.1096311556228341,0.9003207014445694,habitual_integral,120.0,3.701483564100272e-13
reprocessed_data,flat_below,42.0,1.326,0.6781678312317156,0.0021098039890823555,4.2156191913416885,4.258172016634494,4.2156191913416885,4.25817190622444,1.0094086624380827,-0.9245432452073876,-0.8787123346376324,38.60008721172534,38.27493128769433,-0.32515592403100646,4.238785501587432,3.320381976243488,-1.9639338314319383,2.850435969705404,0.12290652416461906,1.009408662438085,habitual_integral,120.0,5.211386877590485e-13
reprocessed_data,flat_below,42.25,1.326,0.6781678312317156,0.0021098039890823555,4.2156191913416885,4.2623570696060815,4.2156191913416885,4.262356936622358,1.10868359173395,-1.014589495933882,-0.9643079739141247,38.60008721172534,38.24323646813741,-0.35685074358792757,4.227385720373093,3.311452147625589,-1.8371008603243049,2.8107982760601624,0.1349861759980993,1.1086835917339568,habitual_integral,120.0,-3.971267759084185e-13
reprocessed_data,flat_below,42.5,1.326,0.6781678312317156,0.0021098039890823555,4.2156191913416885,4.266214228133397,4.2156191913416885,4.26621407252271,1.2001804360228796,-1.097442253416414,-1.043067739976522,38.60008721172534,38.214069643377115,-0.38601756834822365,4.2055923242186655,3.2943806539712877,-1.710419651533166,2.76448197557097,0.14611811198507232,1.2001804360228765,habitual_integral,120.0,-2.128297538206425e-13
reprocessed_data,flat_below,42.75,1.326,0.6781678312317156,0.0021098039890823555,4.2156191913416885,4.269741288561656,4.2156191913416885,4.26974111073756,1.283846921731624,-1.1730884365022787,-1.1149786830877417,38.60008721172534,38.18743643619072,-0.4126507755346176,4.173355475535137,3.2691284558358578,-1.583889606191484,2.711440238470149,0.1562962894529539,1.2838469217316189,habitual_integral,120.0,-1.8762769116165146e-14
reprocessed_data,flat_below,43.0,1.326,0.6781678312317156,0.0021098039890823555,4.2156191913416885,4.272936269830131,4.2156191913416885,4.272936070633388,1.3596360555091058,-1.2415169585829666,-1.1800297916505498,38.60008721172534,38.163341672480946,-0.4367455392443931,4.130632319980627,3.235661983984824,-1.45751012939104,2.6516309019055466,0.16551528299459192,1.3596360555090987,habitual_integral,120.0,-2.220446049250313e-16
reprocessed_data,flat_below,43.25,1.326,0.6781678312317156,0.0021098039890823555,4.2156191913416885,4.275793252497116,4.2156191913416885,4.275793033185587,1.4274074204571496,-1.3026297119050012,-1.2381273684230143,38.60008721172534,38.141820731134274,-0.458266480591063,4.077464978980887,3.194014233535028,-1.3314868940845022,2.585136035633026,0.17375827890863482,1.427407420457159,habitual_integral,120.0,-4.440892098500626e-16
reprocessed_data,flat_below,43.5,1.326,0.6781678312317156,0.0021098039890823555,4.2156191913416885,4.278315356697814,4.2156191913416885,4.2783151188447235,1.4872350302630455,-1.3565191297703505,-1.2893588989715599,38.60008721172534,38.12284180167374,-0.47724541005160215,4.013762978860489,3.1441143334407164,-1.2056125620774487,2.5118130735825166,0.1810345187579723,1.4872350302630404,habitual_integral,120.0,2.220446049250313e-16
reprocessed_data,flat_below,43.75,1.326,0.6781678312317156,0.0021098039890823555,4.2156191913416885,4.28050127768313,4.2156191913416885,4.280501023166595,1.5390879345720032,-1.403179879184635,-1.3337189732015142,38.60008721172534,38.10640740638338,-0.4936798053419511,3.9395045810446563,3.0859452551516475,-1.0798865529678134,2.431634038858421,0.18734044868138755,1.5390879345719952,habitual_integral,120.0,-4.440892098500626e-16
reprocessed_data,flat_below,44.0,1.326,0.6781678312317156,0.0021098039890823555,4.2156191913416885,4.282349937287898,4.2156191913416885,4.282349668249934,1.5829405578963396,-1.4426085083236062,-1.3712040141392934,38.60008721172534,38.09251931584524,-0.5075678958801011,3.8546751197775944,3.0194955104924492,-0.954308290143968,2.3445757069092177,0.19267314113109313,1.582940557896343,habitual_integral,120.0,-4.440892098500626e-16
reprocessed_topcoded44,bilateral,30.0,1.326,0.6756514587578325,0.0021098039890823555,4.184726136567193,3.177178151255619,4.184726136567193,3.1770827375789503,-24.076796244976816,28.246564354932158,26.755226547742005,38.60008721172534,48.15865174620068,9.558564534475344,-19.80842325417429,-15.51659821576986,-14.08985348860936,-7.0179361279905725,-2.969006628376888,-24.076796244976823,habitual_limitada44,44.0,1.8207657603852567e-13
reprocessed_topcoded44,bilateral,30.25,1.326,0.6756514587578325,0.0021098039890823555,4.184726136567193,3.2082010101516216,4.184726136567193,3.208112509881236,-23.335460781589703,27.151265774283594,25.72021764854466,38.60008721172534,47.80584745341188,9.205760241686544,-19.009509360112652,-14.890782332088245,-13.769281874335542,-6.6890168222563124,-2.8771620849978428,-23.3354607815897,habitual_limitada44,44.0,1.425526363618701e-13
reprocessed_topcoded44,bilateral,30.5,1.326,0.6756514587578325,0.0021098039890823555,4.184726136567193,3.2390018273090284,4.184726136567193,3.2389198584942425,-22.59943132225993,26.081581053141623,24.70927439973074,38.60008721172534,47.45963772743272,8.859550515707381,-18.221303275090296,-14.273354232154068,-13.449842836567992,-6.363659020984392,-2.7859294647075514,-22.599431322259935,habitual_limitada44,44.0,1.1080025785759062e-13
reprocessed_topcoded44,bilateral,30.75,1.326,0.6756514587578325,0.0021098039890823555,4.184726136567193,3.269567599652409,4.184726136567193,3.269491794290569,-21.869018594022137,25.037131341146623,23.722042869031192,38.60008721172534,47.12004265496739,8.519955443242056,-17.444190463307628,-13.664615862924311,-13.131523342330894,-6.0421358690213625,-2.695359382669883,-21.86901859402214,habitual_limitada44,44.0,8.593126210598712e-14
reprocessed_topcoded44,bilateral,31.0,1.326,0.6756514587578325,0.0021098039890823555,4.184726136567193,3.2998854144009666,4.184726136567193,3.299815418320844,-21.14453116619185,24.01754376947789,22.758175062661266,38.60008721172534,46.78707647423583,8.186989262510497,-16.678552617580415,-13.06486621710466,-12.814310608253699,-5.724719522362433,-2.605501035575715,-21.144531166191843,habitual_limitada44,44.0,6.550315845288424e-14
reprocessed_topcoded44,bilateral,31.25,1.326,0.6756514587578325,0.0021098039890823555,4.184726136567193,3.3299359571922125,4.184726136567193,3.3298714287579068,-20.426430583010145,23.0226650294415,21.817530843311573,38.60008721172534,46.460818034005484,7.860730822280148,-15.924929922754561,-12.474528439491072,-12.49825089063119,-5.411758196135222,-2.5164214962437392,-20.426430583010152,habitual_limitada44,44.0,4.9960036108132044e-14
reprocessed_topcoded44,bilateral,31.5,1.326,0.6756514587578325,0.0021098039890823555,4.184726136567193,3.3597131135295415,4.184726136567193,3.3596537259096015,-19.71486295909496,22.051911334343455,20.89956331046896,38.60008721172534,46.14119800182744,7.541110790102107,-15.183528882387954,-11.893764291203897,-12.183272688018858,-5.10344261367258,-2.4281476574035232,-19.714862959094962,habitual_limitada44,44.0,3.7969627442180354e-14
reprocessed_topcoded44,bilateral,31.75,1.326,0.6756514587578325,0.0021098039890823555,4.184726136567193,3.3892042717984863,4.184726136567193,3.3891497114753957,-19.010129666962804,21.10492906161503,20.00394332695452,38.60008721172534,45.82821509534419,7.228127883618857,-14.454719144408557,-11.322863329786703,-11.86936393354837,-4.80004106463002,-2.3407246687844165,-19.010129666962804,habitual_limitada44,44.0,2.90878432451791e-14
reprocessed_topcoded44,bilateral,32.0,1.326,0.6756514587578325,0.0021098039890823555,4.184726136567193,3.4183969306636808,4.184726136567193,3.4183468972204434,-18.312529443853776,20.181371055183405,19.13034803431215,38.60008721172534,45.52186346742534,6.921776255700002,-13.738866083970914,-10.762111765777217,-11.556512784515952,-4.50182025149784,-2.254196407839985,-18.312529443853776,habitual_limitada44,44.0,2.1538326677728037e-14
reprocessed_topcoded44,bilateral,32.25,1.326,0.6756514587578325,0.0021098039890823555,4.184726136567193,3.4472035761388926,4.184726136567193,3.447157771302755,-17.624153561296207,19.283222206519078,18.280661090834993,38.60008721172534,45.222908375154624,6.622821163429288,-13.038151654689514,-10.213218796173452,-11.245430857709582,-4.2098945710146936,-2.1688281325719294,-17.624153561296204,habitual_limitada44,44.0,1.5987211554602254e-14
reprocessed_topcoded44,bilateral,32.5,1.326,0.6756514587578325,0.0021098039890823555,4.184726136567193,3.475688413197618,4.184726136567193,3.47564656339404,-16.94346774986837,18.40771656920197,17.452272078477836,38.60008721172534,44.930529778470195,6.33044256674486,-12.35105072123036,-9.674989731630449,-10.935378724684591,-3.923654455036939,-2.084434570146838,-16.94346774986837,habitual_limitada44,44.0,1.199040866595169e-14
reprocessed_topcoded44,bilateral,32.75,1.326,0.6756514587578325,0.0021098039890823555,4.184726136567193,3.503839305603884,4.184726136567193,3.503801149518127,-16.27076202223958,17.55453164658791,16.64488176471981,38.60008721172534,44.644710904607145,6.044623692881807,-11.677915060343572,-9.147700130602466,-10.62634525843506,-3.6433608040166097,-2.001055959787911,-16.270762022239584,habitual_limitada44,44.0,8.659739592076221e-15
reprocessed_topcoded44,bilateral,33.0,1.326,0.6756514587578325,0.0021098039890823555,4.184726136567193,3.5316442478808416,4.184726136567193,3.531609536188619,-15.606323266403422,16.723351450984445,15.8581971445239,38.60008721172534,44.36543159403594,5.765344382310605,-11.019091606545002,-8.631621758460252,-10.318319532213867,-3.369272313136588,-1.9187314210529711,-15.606323266403425,habitual_limitada44,44.0,6.661338147750939e-15
reprocessed_topcoded44,bilateral,33.25,1.326,0.6756514587578325,0.0021098039890823555,4.184726136567193,3.559075377099803,4.184726136567193,3.5590438703737006,-14.950817306783726,15.914335101085065,15.092375032956662,38.60008721172534,44.092826676323405,5.492739464598068,-10.375296241624932,-8.127315389272864,-10.011455394180501,-3.101815601083048,-1.8375463115201736,-14.950817306783724,habitual_limitada44,44.0,4.6629367034256575e-15
reprocessed_topcoded44,bilateral,33.5,1.326,0.6756514587578325,0.0021098039890823555,4.184726136567193,3.5861372725268184,4.184726136567193,3.586108744820252,-14.304134715286477,15.126689950195393,14.346671385680176,38.60008721172534,43.826705579645356,5.226618367920016,-9.746477963433298,-7.634741071356084,-9.705576670147119,-2.841068730041452,-1.7574893150979032,-14.304134715286475,habitual_limitada44,44.0,3.1086244689504383e-15
reprocessed_topcoded44,bilateral,33.75,1.326,0.6756514587578325,0.0021098039890823555,4.184726136567193,3.612818353398337,4.184726136567193,3.6127925898718263,-13.666552230775174,14.360120721461023,13.620812880922205,38.60008721172534,43.56703981144685,4.966952599721513,-9.13296826501558,-7.154158474262205,-9.400673021207284,-2.587282825576887,-1.6785963839910059,-13.666552230775176,habitual_limitada44,44.0,2.4424906541753444e-15
reprocessed_topcoded44,bilateral,34.0,1.326,0.6756514587578325,0.0021098039890823555,4.184726136567193,3.6391071910117807,4.184726136567193,3.639083987632291,-13.038342958399497,13.614338738093945,12.914532441144267,38.60008721172534,43.313798540384404,4.713711328659071,-8.535093165372654,-6.685822979541912,-9.096734289203892,-2.340706190723582,-1.6009024784720236,-13.038342958399497,habitual_limitada44,44.0,1.3322676295501878e-15
reprocessed_topcoded44,bilateral,34.25,1.326,0.6756514587578325,0.0021098039890823555,4.184726136567193,3.6649835968319047,4.184726136567193,3.664962759278356,-12.419989332005422,12.889310262110797,12.227804455936898,38.60008721172534,43.06703344872708,4.466946237001745,-7.953372690999805,-6.230141941283182,-8.793849154388685,-2.101672249790434,-1.5244679278263022,-12.419989332005422,habitual_limitada44,44.0,1.3322676295501878e-15
reprocessed_topcoded44,bilateral,34.5,1.326,0.6756514587578325,0.0021098039890823555,4.184726136567193,3.690445573120328,4.184726136567193,3.690426918169805,-11.81153909040107,12.184500285101185,11.56012852136401,38.60008721172534,42.82662164765911,4.226534435933776,-7.387913403373971,-5.787198832642944,-8.491908531750653,-1.8703317010133567,-1.449298857637064,-11.811539090401073,habitual_limitada44,44.0,8.881784197001252e-16
reprocessed_topcoded44,bilateral,34.75,1.326,0.6756514587578325,0.0021098039890823555,4.184726136567193,3.715482180500795,4.184726136567193,3.715465534803799,-11.213253645585686,11.49964046357901,10.911256709323913,38.60008721172534,42.59252680090013,3.9924395891747952,-6.839023890062515,-5.35723538054897,-8.190902788879615,-1.646923445404353,-1.3754274113017146,-11.213253645585684,habitual_limitada44,44.0,2.220446049250313e-16
reprocessed_topcoded44,bilateral,35.0,1.326,0.6756514587578325,0.0021098039890823555,4.184726136567193,3.74008265361954,4.184726136567193,3.7400678533892733,-10.625390251042855,10.83446904469647,10.28094727521751,38.60008721172534,42.364711129991264,3.7646239182659302,-6.307006575369653,-4.9404884840395615,-7.890822457108155,-1.4316829522445096,-1.3028848416901861,-10.625390251042852,habitual_limitada44,44.0,6.661338147750939e-16
reprocessed_topcoded44,bilateral,35.25,1.326,0.6756514587578325,0.0021098039890823555,4.184726136567193,3.7640793201217897,4.184726136567193,3.7640662002070484,-10.051955676852664,10.192907206467904,9.672922953952124,38.60008721172534,42.144569964193664,3.5444827524683253,-5.79549093432762,-4.539801231889969,-7.593540080802029,-1.2262512527557172,-1.232164343294914,-10.05195567685266,habitual_limitada44,44.0,0.0
reprocessed_topcoded44,bilateral,35.5,1.326,0.6756514587578325,0.0021098039890823555,4.184726136567193,3.7876226376743243,4.184726136567193,3.7876110541876553,-9.489354522459138,9.570340395267674,9.082817378758046,38.60008721172534,41.93056861196499,3.33048140023966,-5.301272953238288,-4.152663813369992,-7.297153319038676,-1.02938022402213,-1.162820979398329,-9.489354522459134,habitual_limitada44,44.0,2.220446049250313e-16
reprocessed_topcoded44,bilateral,35.75,1.326,0.6756514587578325,0.0021098039890823555,4.184726136567193,3.8107024030748313,4.184726136567193,3.8106922206157354,-8.937830607935071,8.966534301996765,8.510414472463236,38.60008721172534,41.72266810567798,3.122580893952648,-4.824635628195575,-3.7792979087532013,-7.001653339229007,-0.8412938228822585,-1.0948834458238048,-8.93783060793507,habitual_limitada44,44.0,8.881784197001252e-16
reprocessed_topcoded44,bilateral,36.0,1.326,0.6756514587578325,0.0021098039890823555,4.184726136567193,3.8333086095153623,4.184726136567193,3.833299700873009,-8.397623060229797,8.381260761025477,7.955503883426318,38.60008721172534,41.520828722211924,2.920741510486585,-4.365855055297139,-3.4199197933160925,-6.707031454034781,-0.6622119816838027,-1.0283796245112191,-8.397623060229801,habitual_limitada44,44.0,8.881784197001252e-16
reprocessed_topcoded44,bilateral,36.25,1.326,0.6756514587578325,0.0021098039890823555,4.184726136567193,3.8547651122889808,4.184726136567193,3.854757324683342,-7.884889321547927,7.831291743233004,7.4339965935728225,38.60008721172534,41.33088370472351,2.730796492998172,-3.938407775772084,-3.0850860910214664,-6.421996766515694,-0.49759743018530694,-0.9652951248469303,-7.884889321547931,habitual_limitada44,44.0,4.440892098500626e-16
reprocessed_topcoded44,bilateral,36.5,1.326,0.6756514587578325,0.0021098039890823555,4.184726136567193,3.875746450248458,4.184726136567193,3.8757396778936792,-7.383510323860676,7.298642420539037,6.9288472714743365,38.60008721172534,41.14666655268644,2.5465793409611024,-3.5286070913769696,-2.7640755549119596,-6.137773029747232,-0.34209414200218363,-0.9036431521112589,-7.3835103238606745,habitual_limitada44,44.0,1.5543122344752192e-15
reprocessed_topcoded44,bilateral,36.75,1.326,0.6756514587578325,0.0021098039890823555,4.184726136567193,3.8962432767871635,4.184726136567193,3.8962374206725743,-6.893709417665184,6.783132573089334,6.439890303028029,38.60008721172534,40.9681441696505,2.3680569579251634,-3.1367077684112346,-2.4570877519221335,-5.854352682867706,-0.19590750125504316,-0.8434492335424368,-6.893709417665186,habitual_limitada44,44.0,2.4424906541753444e-15
reprocessed_topcoded44,bilateral,37.0,1.326,0.6756514587578325,0.0021098039890823555,4.184726136567193,3.9162464635396477,4.184726136567193,3.9162414311783196,-6.415704738274308,6.2845866316048715,5.966964373282213,38.60008721172534,40.79528304229258,2.1951958305672425,-2.7629569425143043,-2.1643162716362054,-5.57172828262203,-0.05923831963224476,-0.7847381360200376,-6.415704738274312,habitual_limitada44,44.0,2.4424906541753444e-15
reprocessed_topcoded44,bilateral,37.25,1.326,0.6756514587578325,0.0021098039890823555,4.184726136567193,3.9357405937558525,4.184726136567193,3.935736298700157,-5.94986469092067,5.802993886898178,5.510064465170372,38.60008721172534,40.62810500440482,2.0280177926794876,-2.407711931316683,-1.8860410128647351,-5.289986544941637,0.0676748222630126,-0.7275529682420468,-5.949864690920671,habitual_limitada44,44.0,2.220446049250313e-15
reprocessed_topcoded44,bilateral,37.5,1.326,0.6756514587578325,0.0021098039890823555,4.184726136567193,3.954723699701297,4.184726136567193,3.954720061815625,-5.496236297426405,5.338020510443653,5.068878902381635,38.60008721172534,40.46651797540362,1.8664307636782784,-2.0710780610001382,-1.622344481116775,-5.0090256903423525,0.18468668974153998,-0.6718972968255928,-5.496236297426405,habitual_limitada44,44.0,2.4424906541753444e-15
reprocessed_topcoded44,bilateral,37.75,1.326,0.6756514587578325,0.0021098039890823555,4.184726136567193,3.9731873399202886,4.184726136567193,3.973184284851027,-5.055021278415916,4.889505320850929,4.643259646131326,38.60008721172534,40.310488012849014,1.7104008011236793,-1.753278502805294,-1.373401493864147,-4.7288386204413415,0.2916109749787698,-0.6177936329533478,-5.055021278415919,habitual_limitada44,44.0,5.440092820663267e-14
reprocessed_topcoded44,bilateral,38.0,1.326,0.6756514587578325,0.0021098039890823555,4.184726136567193,3.991123312099612,4.184726136567193,3.991120771036432,-4.626415639863035,4.457291872392033,4.233063018191019,38.60008721172534,40.15998122984294,1.559894018117608,-1.4545280826554587,-1.1393803314134427,-4.449418344538178,0.3882664454979913,-0.5652637408228466,-4.626415639863034,habitual_limitada44,44.0,4.5075054799781356e-14
reprocessed_topcoded44,bilateral,38.25,1.326,0.6756514587578325,0.0021098039890823555,4.184726136567193,4.008505000620465,4.184726136567193,4.008502909603337,-4.211055399942731,4.0416728939378865,3.838571566644977,38.60008721172534,40.01511886924244,1.4150316575171074,-1.1753307090241263,-0.920675722068899,-4.171059644300372,0.47438748410859066,-0.5143832397509505,-4.211055399942731,habitual_limitada44,44.0,3.574918139293004e-14
reprocessed_topcoded44,bilateral,38.5,1.326,0.6756514587578325,0.0021098039890823555,4.184726136567193,4.025343999989382,4.184726136567193,4.025342300703279,-3.808663491383324,3.642035224396678,3.4592078981817487,38.60008721172534,39.875705138088634,1.2756179263632983,-0.9155604042936222,-0.7171889833633375,-3.8934524459875033,0.5499048116521473,-0.4651158570479626,-3.8086634913833186,habitual_limitada44,44.0,2.708944180085382e-14
reprocessed_topcoded44,bilateral,38.75,1.326,0.6756514587578325,0.0021098039890823555,4.184726136567193,4.041632856120265,4.184726136567193,4.041631495088253,-3.4194180402044028,3.2582374093317767,3.094842128735098,38.60008721172534,39.74170711334221,1.1416199016168693,-0.675405943713035,-0.5290679892418774,-3.6165900900728922,0.6146531698237131,-0.4174811199552248,-3.419418040204404,habitual_limitada44,44.0,2.020605904817785e-14
reprocessed_topcoded44,bilateral,39.0,1.326,0.6756514587578325,0.0021098039890823555,4.184726136567193,4.05736437341178,4.184726136567193,4.057363301772748,-3.043490995563436,2.8901427262945756,2.745348718485574,38.60008721172534,39.613092290801184,1.013005079075846,-0.45504707140253153,-0.3564535392653164,-3.3404660155433232,0.6684728277956096,-0.3714978078157244,-3.043490995563438,habitual_limitada44,44.0,1.3322676295501878e-14
reprocessed_topcoded44,bilateral,39.25,1.326,0.6756514587578325,0.0021098039890823555,4.184726136567193,4.072527528974471,4.184726136567193,4.072526702203381,-2.6811457651266912,2.5377139438287344,2.4106964530522967,38.60008721172534,39.489861808298194,0.8897745965728565,-0.2547078767723204,-0.19952117013831766,-3.065149200373556,0.7111993332740613,-0.32719589802720106,-2.6811457651266957,habitual_limitada44,44.0,9.325873406851315e-15
reprocessed_topcoded44,bilateral,39.5,1.326,0.6756514587578325,0.0021098039890823555,4.184726136567193,4.087119913784804,4.184726136567193,4.087119291620938,-2.3324399159476927,2.200724041590596,2.0906737556923627,38.60008721172534,39.37194937676476,0.771862165039422,-0.07448943871358057,-0.058350060325638116,-2.790557435821617,0.7426977452337697,-0.28458022535984245,-2.33243991594769,habitual_limitada44,44.0,5.551115123125783e-15
reprocessed_topcoded44,bilateral,39.75,1.326,0.6756514587578325,0.0021098039890823555,4.184726136567193,4.101135134591661,4.184726136567193,4.101134680745705,-1.9975262238809965,1.8790506417579955,1.7851682440955807,38.60008721172534,39.2593242444388,0.6592370327134667,0.08545656013886742,0.06694097210877947,-2.516684449564414,0.7628255378077468,-0.2436673121243337,-1.9975262238810008,habitual_limitada44,44.0,3.1086244689504383e-15
reprocessed_topcoded44,bilateral,40.0,1.326,0.6756514587578325,0.0021098039890823555,4.184726136567193,4.114567073902902,4.184726136567193,4.114566755851357,-1.6765508751271252,1.5725760814771839,1.494071855542023,38.60008721172534,39.15195635994256,0.5518691482172211,0.2249881084948079,0.17624068498759954,-2.2435240598822053,0.771446106729871,-0.20447292197479433,-1.6765508751271287,habitual_limitada44,44.0,1.7763568394002505e-15
reprocessed_topcoded44,bilateral,40.25,1.326,0.6756514587578325,0.0021098039890823555,4.184726136567193,4.1214193717886385,4.184726136567193,4.121419113515912,-1.5128054432370974,1.416906259620787,1.3462034701662962,38.60008721172534,39.097396573762154,0.4973093620368185,0.2889091805268787,0.22631219141272166,-2.100411740662856,0.7720901814220205,-0.18448388399626534,-1.512805443237101,habitual_limitada44,44.0,1.7763568394002505e-15
reprocessed_topcoded44,bilateral,40.5,1.326,0.6756514587578325,0.0021098039890823555,4.184726136567193,4.127962043332744,4.184726136567193,4.127961836210495,-1.3564589744220035,1.2686956068422184,1.2054143238765525,38.60008721172534,39.04543647409934,0.4453492623740063,0.3427289961075038,0.26847104695087803,-1.9574932410384278,0.7664360906581142,-0.1654018240416899,-1.3564589744220035,habitual_limitada44,44.0,1.3322676295501878e-15
reprocessed_topcoded44,bilateral,40.75,1.326,0.6756514587578325,0.0021098039890823555,4.184726136567193,4.134191146902612,4.184726136567193,4.134190983138779,-1.207605659615163,1.1279725006364094,1.0717322527100226,38.60008721172534,38.99608828098238,0.3960010692570404,0.3863442567441721,0.30263633444960153,-1.814767695773372,0.7543997483532496,-0.14723771219504028,-1.2076056596151628,habitual_limitada44,44.0,8.881784197001252e-16
reprocessed_topcoded44,bilateral,41.0,1.326,0.6756514587578325,0.0021098039890823555,4.184726136567193,4.140102947771505,4.184726136567193,4.140102820373413,-1.0663347454391237,0.9947630157817633,0.9451828705864695,38.60008721172534,38.94936327400359,0.34927606227825314,0.41965831564849465,0.3287323472579875,-1.6722342461004978,0.7359014328762996,-0.1300019322149208,-1.066334745439119,habitual_limitada44,44.0,2.220446049250313e-16
reprocessed_topcoded44,bilateral,41.25,1.326,0.6756514587578325,0.0021098039890823555,4.184726136567193,4.1456918700221115,4.184726136567193,4.145691772748173,-0.9327794763912989,0.8691370300300649,0.8258333704909804,38.60008721172534,38.90528797198893,0.30520076026359644,0.44257301945545546,0.3466821985734402,-1.529945900813226,0.710876677297466,-0.11371025287553511,-0.9327794763912951,habitual_limitada44,44.0,0.0
reprocessed_topcoded44,bilateral,41.5,1.326,0.6756514587578325,0.0021098039890823555,4.184726136567193,4.150956773175544,4.184726136567193,4.150956700520178,-0.806967105841494,0.7510672251038075,0.7136585688042318,38.60008721172534,38.863854667077995,0.2637674553526592,0.4550176832169987,0.3564305185199823,-1.387847808879247,0.6792462359191268,-0.09836553288137072,-0.8069671058414909,habitual_limitada44,44.0,0.0
reprocessed_topcoded44,bilateral,41.75,1.326,0.6756514587578325,0.0021098039890823555,4.184726136567193,4.155894560511229,4.184726136567193,4.155894507650711,-0.6889716343448482,0.6405731332061793,0.608677749567943,38.60008721172534,38.82507195591047,0.22498474418513048,0.4569160893626176,0.3579176033340504,-1.2459391314846218,0.6409438535593366,-0.08397635641956756,-0.6889716343448528,habitual_limitada44,44.0,4.440892098500626e-16
reprocessed_topcoded44,bilateral,42.0,1.326,0.6756514587578325,0.0021098039890823555,4.184726136567193,4.160502352542538,4.184726136567193,4.160502315294197,-0.5788618713416072,0.5376722040667303,0.51090817746966,38.60008721172534,38.78894757976895,0.18886036804361406,0.4481989589407089,0.3510891845035553,-1.1042190360093387,0.5959078618952305,-0.0705506972274991,-0.5788618713416073,habitual_limitada44,44.0,-2.220446049250313e-16
reprocessed_topcoded44,bilateral,42.25,1.326,0.6756514587578325,0.0021098039890823555,4.184726136567193,4.164695556026179,4.184726136567193,4.164695530598421,-0.47865929304146126,0.44420451062503474,0.42209888362543246,38.60008721172534,38.75612917120547,0.15604195948013544,0.4291836679818228,0.3361938732524279,-0.9654666472357133,0.5451419494671642,-0.058334595272910336,-0.4786592930414593,habitual_limitada44,44.0,2.220446049250313e-16
reprocessed_topcoded44,bilateral,42.5,1.326,0.6756514587578325,0.0021098039890823555,4.184726136567193,4.1685601476975975,4.184726136567193,4.168560131159756,-0.38630936271629723,0.35820866590670075,0.3403868938413268,38.60008721172534,38.72592954712403,0.12584233539869594,0.39965619079878023,0.31306401612571116,-0.8268939328568521,0.4876617409365221,-0.0470771707959681,-0.38630936271629807,habitual_limitada44,44.0,2.220446049250313e-16
reprocessed_topcoded44,bilateral,42.75,1.326,0.6756514587578325,0.0021098039890823555,4.184726136567193,4.172093939138799,4.184726136567193,4.172093929054612,-0.30186437573561653,0.27969698727055015,0.26578444524882894,38.60008721172534,38.69835423733543,0.0982670256100937,0.3595685551550519,0.28166203487145736,-0.6885001253722614,0.4234202212760108,-0.036784471639362895,-0.3018643757356134,habitual_limitada44,44.0,-4.440892098500626e-16
reprocessed_topcoded44,bilateral,43.0,1.326,0.6756514587578325,0.0021098039890823555,4.184726136567193,4.175294963372538,4.184726136567193,4.17529495775845,-0.22537133582631874,0.2086798305532156,0.1983018675498993,38.60008721172534,38.67340797109561,0.07332075937027116,0.3088798103481787,0.24195585143940665,-0.5502844627732325,0.3523750532784219,-0.027461926331502913,-0.22537133582631352,habitual_limitada44,44.0,2.220446049250313e-16
reprocessed_topcoded44,bilateral,43.25,1.326,0.6756514587578325,0.0021098039890823555,4.184726136567193,4.178157306074491,4.184726136567193,4.178157303354013,-0.15697157420414554,0.14525796793705137,0.1380353648122501,38.60008721172534,38.65112713379887,0.051039922073536914,0.2476458036593781,0.19398921286651286,-0.41244991299842354,0.2746048231588099,-0.019126484364532046,-0.15697157420414568,habitual_limitada44,44.0,-4.440892098500626e-16
reprocessed_topcoded44,bilateral,43.5,1.326,0.6756514587578325,0.0021098039890823555,4.184726136567193,4.180684107853027,4.184726136567193,4.180684106823955,-0.09659004155242457,0.08933453841464267,0.08489329630378961,38.60008721172534,38.6314785735855,0.03139136186016134,0.1757664710201368,0.1376837356324405,-0.27479148011861104,0.1899701914027863,-0.011768752836598511,-0.09659004155242328,habitual_limitada44,44.0,-4.440892098500626e-16
reprocessed_topcoded44,bilateral,43.75,1.326,0.6756514587578325,0.0021098039890823555,4.184726136567193,4.182874074359398,4.184726136567193,4.182874074143528,-0.04425766818074717,0.04091425789467529,0.03888049578701924,38.60008721172534,38.614464710486224,0.014377498760886898,0.09322207885034561,0.07302396176610407,-0.13730842156156983,0.09844303682881968,-0.0053922834479963305,-0.04425766818074649,habitual_limitada44,44.0,4.440892098500626e-16
reprocessed_topcoded44,bilateral,44.0,1.326,0.6756514587578325,0.0021098039890823555,4.184726136567193,4.184726136567193,4.184726136567193,4.184726136567193,0.0,0.0,0.0,38.60008721172534,38.60008721172534,0.0,0.0,0.0,0.0,0.0,0.0,0.0,habitual_limitada44,44.0,0.0
reprocessed_topcoded44,flat_below,30.0,1.326,0.6766504686787346,0.0021098039890823555,4.268422256052508,3.6309080057083456,4.268422256052508,3.6308765676081585,-14.935594749094571,15.895551703345845,15.074550188330704,38.60008721172536,44.08684145028331,5.486754238557951,-7.754548453473263,-6.074396288554057,-13.734993354758386,0.6351809603933958,-1.835782354729585,-14.935594749094575,habitual_limitada44,44.0,4.440892098500626e-15
reprocessed_topcoded44,flat_below,30.25,1.326,0.6766504686787346,0.0021098039890823555,4.268422256052508,3.646266941544054,4.268422256052508,3.646237180954936,-14.57576774711674,15.456159468429442,14.658568821504714,38.60008721172536,43.9384504721486,5.33836326042324,-7.4730072913006875,-5.8538557115188725,-13.422809997303279,0.6382715435532519,-1.791229293366712,-14.575767747116739,habitual_limitada44,44.0,4.218847493575595e-15
reprocessed_topcoded44,flat_below,30.5,1.326,0.6766504686787346,0.0021098039890823555,4.268422256052508,3.661572684182588,4.268422256052508,3.661544540259449,-14.217186947927274,15.021458283390189,14.246994309674822,38.60008721172536,43.79142967020455,5.191342458479192,-7.195490478499032,-5.636467541490909,-13.11169558046009,0.6413506092328276,-1.7468419767000176,-14.21718694792728,habitual_limitada44,44.0,3.3306690738754696e-15
reprocessed_topcoded44,flat_below,30.75,1.326,0.6766504686787346,0.0021098039890823555,4.268422256052508,3.6768258016005784,4.268422256052508,3.6767992149592876,-13.859839045049071,14.591364976498667,13.839748535580497,38.60008721172536,43.64576018496649,5.045672973241134,-6.921994574209488,-5.422229083130766,-12.801638177135397,0.64441830128958,-1.7026191692032506,-13.859839045049068,habitual_limitada44,44.0,1.7763568394002505e-15
reprocessed_topcoded44,flat_below,31.0,1.326,0.6766504686787346,0.0021098039890823555,4.268422256052508,3.6920268523879862,4.268422256052508,3.692001765067449,-13.503710951914583,14.165798436583898,13.436755321690397,38.60008721172536,43.50142349134806,4.901336279622703,-6.652516584576096,-5.211137991251276,-12.492626081785598,0.6474747606060707,-1.6585596307350536,-13.50371095191458,habitual_limitada44,44.0,1.7763568394002505e-15
reprocessed_topcoded44,flat_below,31.25,1.326,0.6766504686787346,0.0021098039890823555,4.268422256052508,3.7071731047843683,4.268422256052508,3.7071494599027313,-13.148866667825654,13.744770433322051,13.038026444124974,38.60008721172536,43.3584322791319,4.758345067406538,-6.387111109500284,-5.003237035775224,-12.184715642844521,0.6505205986929702,-1.6146716236741006,-13.14886666782565,habitual_limitada44,44.0,1.7763568394002505e-15
reprocessed_topcoded44,flat_below,31.5,1.326,0.6766504686787346,0.0021098039890823555,4.268422256052508,3.7222684023906543,4.268422256052508,3.722246144747155,-12.795216145436939,13.328111017395216,12.643401580165436,38.60008721172536,43.21673722436377,4.616650012638413,-6.125717119861167,-4.798478410557914,-11.877827294016665,0.6535554744485751,-1.5709443258688434,-12.795216145436935,habitual_limitada44,44.0,1.3322676295501878e-15
reprocessed_topcoded44,flat_below,31.75,1.326,0.6766504686787346,0.0021098039890823555,4.268422256052508,3.7373132765093575,4.268422256052508,3.737292352218107,-12.442746937467408,12.915744925006267,12.252810055516372,38.60008721172536,43.0763207742694,4.47623356254404,-5.8683329019593895,-4.596860773201522,-11.571949968066908,0.6565795203635946,-1.5273764897640956,-12.442746937467408,habitual_limitada44,44.0,1.5543122344752192e-15
reprocessed_topcoded44,flat_below,32.0,1.326,0.6766504686787346,0.0021098039890823555,4.268422256052508,3.752308249855718,4.268422256052508,3.752288606311995,-12.091446797817495,12.507598704287993,11.866182900855282,38.60008721172536,42.93716568264885,4.337078470923494,-5.61495714856407,-4.398383099708521,-11.26707279733847,0.6595928662747249,-1.4839668667537467,-12.091446797817492,habitual_limitada44,44.0,1.3322676295501878e-15
reprocessed_topcoded44,flat_below,32.25,1.326,0.6766504686787346,0.0021098039890823555,4.268422256052508,3.7672148897693236,4.268422256052508,3.767196472473676,-11.74221612148344,12.104649832331017,11.484446781785662,38.60008721172536,42.799613371119605,4.199526159394246,-5.366234631899359,-4.203550461654498,-10.963990488715138,0.662601269585075,-1.440826902353372,-11.742216121483436,habitual_limitada44,44.0,1.1102230246251565e-15
reprocessed_topcoded44,flat_below,32.5,1.326,0.6766504686787346,0.0021098039890823555,4.268422256052508,3.7820729028529563,4.268422256052508,3.782055661924004,-11.394124667725213,11.705758059464987,11.106522192790447,38.60008721172536,42.66328246143542,4.063195249710061,-5.121498257577946,-4.011840301769392,-10.6618820155409,0.6655991929010519,-1.3978418450853658,-11.394124667725215,habitual_limitada44,44.0,6.661338147750939e-16
reprocessed_topcoded44,flat_below,32.75,1.326,0.6766504686787346,0.0021098039890823555,4.268422256052508,3.7968827832879812,4.268422256052508,3.796866670020913,-11.047160858930882,11.310855569816948,10.732345465788162,38.60008721172536,42.52815671569608,3.9280695039707214,-4.880747882809626,-3.8232525082008735,-10.360737160554795,0.6685867589325182,-1.3550104573086015,-11.047160858930877,habitual_limitada44,44.0,6.661338147750939e-16
reprocessed_topcoded44,flat_below,33.0,1.326,0.6766504686787346,0.0021098039890823555,4.268422256052508,3.811645017458086,4.268422256052508,3.811629984294934,-10.701313300171378,10.919876131563932,10.361854422671568,38.60008721172536,42.39422017477241,3.7941329630470477,-4.6439837319328,-3.6377872566806935,-10.060545885093564,0.6715640880072132,-1.3123315030850249,-10.701313300171378,habitual_limitada44,44.0,2.220446049250313e-16
reprocessed_topcoded44,flat_below,33.25,1.326,0.6766504686787346,0.0021098039890823555,4.268422256052508,3.8263514959716414,4.268422256052508,3.82633749588151,-10.356771977140323,10.5329802299736,9.99520173821642,38.60008721172536,42.26153442058973,3.661447208864377,-4.411341295663558,-3.4555506816031203,-9.761475954022726,0.6745325417050225,-1.2698285648226182,-10.35677197714032,habitual_limitada44,44.0,-2.220446049250313e-16
reprocessed_topcoded44,flat_below,33.5,1.326,0.6766504686787346,0.0021098039890823555,4.268422256052508,3.841011332548978,4.268422256052508,3.8409983202341196,-10.013323374871664,10.14987508086891,9.632110540639282,38.60008721172536,42.13000542165294,3.5299182099275797,-4.182681939596701,-3.2764341860174158,-9.463338939134099,0.6774909853370504,-1.227475421074614,-10.013323374871662,habitual_limitada44,44.0,0.0
reprocessed_topcoded44,flat_below,33.75,1.326,0.6766504686787346,0.0021098039890823555,4.268422256052508,3.855624990337091,4.268422256052508,3.85561292156051,-9.670956642822336,9.770499033730395,9.272522960099483,38.60008721172536,41.99961804738423,3.399530835658876,-3.9580069390635764,-3.100438768933135,-9.166125328857566,0.6804395325432334,-1.185270846508003,-9.670956642822336,habitual_limitada44,44.0,2.220446049250313e-16
reprocessed_topcoded44,flat_below,34.0,1.326,0.6766504686787346,0.0021098039890823555,4.268422256052508,3.8701929253301413,4.268422256052508,3.8701817568891266,-9.32966109802489,9.394791839153015,8.916382444194992,38.60008721172536,41.87035742310339,3.2702702113780346,-3.7373179046014746,-2.927565691937822,-8.869825773247804,0.6833782948223837,-1.1432136195994627,-9.329661098024886,habitual_limitada44,44.0,0.0
reprocessed_topcoded44,flat_below,34.25,1.326,0.6766504686787346,0.0021098039890823555,4.268422256052508,3.8847105766716132,4.268422256052508,3.884700266082688,-8.989543591588255,9.022822551682431,8.563755015445572,38.60008721172536,41.74225301000165,3.1421657982762916,-3.5206909565312876,-2.7578745826161755,-8.574534721388297,0.686308108162555,-1.101316978362512,-8.989543591588253,habitual_limitada44,44.0,2.220446049250313e-16
reprocessed_topcoded44,flat_below,34.5,1.326,0.6766504686787346,0.0021098039890823555,4.268422256052508,3.899183427152832,4.268422256052508,3.899173933233504,-8.650475673443637,8.654403224684781,8.214463058555644,38.60008721172536,41.615245590937185,3.015158379211824,-3.3080514149639204,-2.5913069417217374,-8.280138867678852,0.6892283494510417,-1.0595651552158243,-8.650475673443633,habitual_limitada44,44.0,6.661338147750939e-16
reprocessed_topcoded44,flat_below,34.75,1.326,0.6766504686787346,0.0021098039890823555,4.268422256052508,3.913611911726328,4.268422256052508,3.9136031942523233,-8.312447153583935,8.289477630476494,7.868453801951736,38.60008721172536,41.489321042594405,2.889233830869048,-3.0994018507340604,-2.4278647830750137,-7.986629333850912,0.692139124138297,-1.0179569438713236,-8.312447153583939,habitual_limitada44,44.0,1.1102230246251565e-15
reprocessed_topcoded44,flat_below,35.0,1.326,0.6766504686787346,0.0021098039890823555,4.268422256052508,3.9279964587650498,4.268422256052508,3.927988478446683,-7.9754479961476115,7.927990785899186,7.525675643881091,38.60008721172536,41.3644654770669,2.7643782653415383,-2.8947451417888836,-2.267550361067959,-7.693997388437694,0.695040535745404,-0.976491143455322,-7.975447996147612,habitual_limitada44,44.0,2.220446049250313e-16
reprocessed_topcoded44,flat_below,35.25,1.326,0.6766504686787346,0.0021098039890823555,4.268422256052508,3.942244114931954,4.268422256052508,3.9422368289569305,-7.641655898922428,7.572213185050369,7.188282378522426,38.60008721172536,41.241469127160116,2.6413819154347538,-2.6953799882940177,-2.1113809908303143,-7.404166573181088,0.6979462485210851,-0.9354355742624283,-7.641655898922431,habitual_limitada44,44.0,8.881784197001252e-16
reprocessed_topcoded44,flat_below,35.5,1.326,0.6766504686787346,0.0021098039890823555,4.268422256052508,3.9564492287100137,4.268422256052508,3.9564426000712034,-7.308860478836765,7.219724976638253,6.853979994899961,38.60008721172536,41.11950121341717,2.5194140016918167,-2.4999623280863736,-1.9583038236676595,-7.115184988547269,0.7008427289261522,-0.8945182192156507,-7.308860478836769,habitual_limitada44,44.0,1.3322676295501878e-15
reprocessed_topcoded44,flat_below,35.75,1.326,0.6766504686787346,0.0021098039890823555,4.268422256052508,3.9706122016140877,4.268422256052508,3.9706061941552164,-6.97705232925665,6.8704756932580935,6.522721133887366,38.60008721172536,40.99854878080074,2.398461569075377,-2.3084958467242163,-1.808321746600636,-6.827044486530353,0.7037300758056877,-0.8537379185319792,-6.977052329256645,habitual_limitada44,44.0,1.5543122344752192e-15
reprocessed_topcoded44,flat_below,36.0,1.326,0.6766504686787346,0.0021098039890823555,4.268422256052508,3.984733429243401,4.268422256052508,3.984728007638436,-6.646222182138706,6.52441594956108,6.194459453157797,38.60008721172536,40.878599085827844,2.2785118741024846,-2.1209845049641367,-1.661437862221907,-6.53973704950988,0.7066083862483395,-0.8130935188771633,-6.646222182138704,habitual_limitada44,44.0,1.7763568394002505e-15
reprocessed_topcoded44,flat_below,36.25,1.326,0.6766504686787346,0.0021098039890823555,4.268422256052508,3.9983888370519587,4.268422256052508,3.9983839506379937,-6.3263051966719,6.191804466973383,5.878927798264533,38.60008721172536,40.76321655814976,2.1631293464243972,-1.9429158940064837,-1.5219507836384123,-6.262039826483334,0.7095395126665107,-0.7738048828550719,-6.326305196671894,habitual_limitada44,44.0,2.220446049250313e-15
reprocessed_topcoded44,flat_below,36.5,1.326,0.6766504686787346,0.0021098039890823555,4.268422256052508,4.01200569917187,4.268422256052508,4.012001316207181,-6.007291254211,5.8621042189753725,5.56613192246207,38.60008721172536,40.64875409396086,2.0486668822355005,-1.7685752927401137,-1.3853839793130893,-5.98511080365542,0.7124614973889253,-0.7346419479445062,-6.007291254211001,habitual_limitada44,44.0,1.5543122344752192e-15
reprocessed_topcoded44,flat_below,36.75,1.326,0.6766504686787346,0.0021098039890823555,4.268422256052508,4.0255843611065,4.268422256052508,4.025580450553995,-5.689172260351494,5.535272920599366,5.256032149556766,38.60008721172536,40.53520061771734,1.9351134059919783,-1.5979670264347903,-1.2517408373739192,-5.7089430151598215,0.7153744355571426,-0.6956036807488128,-5.689172260351492,habitual_limitada44,44.0,1.7763568394002505e-15
reprocessed_topcoded44,flat_below,37.0,1.326,0.6766504686787346,0.0021098039890823555,4.268422256052508,4.039125163514978,4.268422256052508,4.039121695025813,-5.371940234178874,5.211269145326347,4.948589609814302,38.60008721172536,40.42254522694849,1.8224580152231329,-1.4310956451080619,-1.121024922001315,-5.433529600530698,0.7182784206791705,-0.6566890543273487,-5.371940234178877,habitual_limitada44,44.0,1.9984014443252818e-15
reprocessed_topcoded44,flat_below,37.25,1.326,0.6766504686787346,0.0021098039890823555,4.268422256052508,4.052623930033084,4.268422256052508,4.052620873797594,-5.055693018970375,4.8901593276145405,4.643867785947897,38.60008721172536,40.31081444191422,1.7107272301888576,-1.2680198798197495,-0.9932822391921373,-5.158957213041023,0.7211742027197047,-0.6179100086490529,-5.055693018970371,habitual_limitada44,44.0,5.46229728115577e-14
reprocessed_topcoded44,flat_below,37.5,1.326,0.6766504686787346,0.0021098039890823555,4.268422256052508,4.066085528945877,4.268422256052508,4.066082855963437,-4.740316561224079,4.5717948414844445,4.3417260763223275,38.60008721172536,40.19995986042901,1.599872648703654,-1.1086882479451083,-0.8684724608903349,-4.8851252835195185,0.7240612110826645,-0.579252488787228,-4.740316561224082,habitual_limitada44,44.0,4.729550084903167e-14
reprocessed_topcoded44,flat_below,37.75,1.326,0.6766504686787346,0.0021098039890823555,4.268422256052508,4.0795102865865704,4.268422256052508,4.079507968497498,-4.42580321565107,4.256136743150396,4.04212794323795,38.60008721172536,40.089971090259596,1.4898838785342372,-0.9531059430077016,-0.7465996553560329,-4.612027261250998,0.7269395346301037,-0.5407154890301743,-4.425803215651069,habitual_limitada44,44.0,4.0190073491430667e-14
reprocessed_topcoded44,flat_below,38.0,1.326,0.6766504686787346,0.0021098039890823555,4.268422256052508,4.0928985247982315,4.268422256052508,4.09289653386904,-4.112145442156967,3.943146860961999,3.745037574195109,38.60008721172536,39.980837899373384,1.3807506876480247,-0.8012783664109284,-0.6276680536885606,-4.33965669225171,0.729809260737919,-0.5022980106431754,-4.112145442156967,habitual_limitada44,44.0,3.3306690738754696e-14
reprocessed_topcoded44,flat_below,38.25,1.326,0.6766504686787346,0.0021098039890823555,4.268422256052508,4.106236237873251,4.268422256052508,4.106234546674322,-3.7996713645019997,3.6331197581482844,3.4507350207874543,38.60008721172536,39.872666083051435,1.2725788713260744,-0.65336815448862,-0.511805054349419,-4.06830379453708,0.732672568626438,-0.4640401385913573,-3.7996713645019997,habitual_limitada44,44.0,2.6645352591003757e-14
reprocessed_topcoded44,flat_below,38.5,1.326,0.6766504686787346,0.0021098039890823555,4.268422256052508,4.119538138789043,4.268422256052508,4.119536720852861,-3.4880362891077987,3.3256812353709586,3.1588655096498996,38.60008721172536,39.765328067017634,1.1652408552922766,-0.5092159888836765,-0.39888585795887993,-3.7976641691224833,0.7355274404528522,-0.42589956043817,-3.4880362891078014,habitual_limitada44,44.0,2.1094237467877974e-14
reprocessed_topcoded44,flat_below,38.75,1.326,0.6766504686787346,0.0021098039890823555,4.268422256052508,4.132804535415204,4.268422256052508,4.1328033648565645,-3.177233003248492,3.020795436621815,2.8693954027878554,38.60008721172536,39.65881411337326,1.0587269016478995,-0.36882785206873725,-0.2889151507871775,-3.5277316605640068,0.7383739594200935,-0.387875302104584,-3.1772330032484972,habitual_limitada44,44.0,1.6209256159527285e-14
reprocessed_topcoded44,flat_below,39.0,1.326,0.6766504686787346,0.0021098039890823555,4.268422256052508,4.146035731465855,4.268422256052508,4.146034782968617,-2.8672543915520987,2.7184272000749576,2.5822917140389423,38.60008721172536,39.55311463221574,0.9530274204903766,-0.23220991859513848,-0.18189776956619183,-3.2585002021077294,0.7412122073752578,-0.3499663968196311,-2.8672543915521027,habitual_limitada44,44.0,1.0880185641326534e-14
reprocessed_topcoded44,flat_below,39.25,1.326,0.6766504686787346,0.0021098039890823555,4.268422256052508,4.1592284669763675,4.268422256052508,4.159227715730543,-2.5581768280143025,2.4186227068138777,2.2975986960811046,38.60008721172536,39.44824840277011,0.8481611910447551,-0.09940392121186153,-0.07786640494929153,-2.9900375361231193,0.7440427861318698,-0.312182078023057,-2.5581768280143065,habitual_limitada44,44.0,7.105427357601002e-15
reprocessed_topcoded44,flat_below,39.5,1.326,0.6766504686787346,0.0021098039890823555,4.268422256052508,4.172386615781332,4.268422256052508,4.172386037583422,-2.2499095569797567,2.1212661523137166,2.015206779906742,38.60008721172536,39.34417747185293,0.7440902601275723,0.02962100655648923,0.02320312180258323,-2.722263668486646,0.7468652514109764,-0.2745111399040836,-2.249909556979753,habitual_limitada44,44.0,5.10702591327572e-15
reprocessed_topcoded44,flat_below,39.75,1.326,0.6766504686787346,0.0021098039890823555,4.268422256052508,4.185510469333849,4.268422256052508,4.185510040511212,-1.9424457503259607,1.8263243825189734,1.735084864414005,38.60008721172536,39.240892684802034,0.6408054730766721,0.15485814012168442,0.12130554309531948,-2.4551727927627285,0.7496796811912149,-0.23695263875444336,-1.9424457503259571,habitual_limitada44,44.0,2.6645352591003757e-15
reprocessed_topcoded44,flat_below,40.0,1.326,0.6766504686787346,0.0021098039890823555,4.268422256052508,4.19860031522371,4.268422256052508,4.198600012622606,-1.6357786704394695,1.5337648709667917,1.4572024376819703,38.60008721172536,39.13838502425154,0.5382978125261839,0.27630057651782125,0.21643545160562666,-2.1887591842589864,0.752486152211766,-0.19950563839224886,-1.6357786704394692,habitual_limitada44,44.0,1.5543122344752192e-15
reprocessed_topcoded44,flat_below,40.25,1.326,0.6766504686787346,0.0021098039890823555,4.268422256052508,4.2054186246522285,4.268422256052508,4.205418378901694,-1.476040270171075,1.3820105890019363,1.3130522327925664,38.60008721172536,39.085190922284916,0.48510371055955903,0.33514933375345324,0.26253364477353835,-2.049174596795182,0.7531399755348315,-0.1800056489107249,-1.4760402701710755,habitual_limitada44,44.0,1.5543122344752192e-15
reprocessed_topcoded44,flat_below,40.5,1.326,0.6766504686787346,0.0021098039890823555,4.268422256052508,4.211929060944843,4.268422256052508,4.2119288638462375,-1.3235146786979457,1.237512775197347,1.1757890751430855,38.60008721172536,39.03452654326346,0.4344393315381001,0.3841370903689241,0.3009073874556572,-1.9097742807682945,0.7476493436750671,-0.16138974160471498,-1.3235146786979424,habitual_limitada44,44.0,6.661338147750939e-16
reprocessed_topcoded44,flat_below,40.75,1.326,0.6766504686787346,0.0021098039890823555,4.268422256052508,4.218127670672679,4.268422256052508,4.218127514820237,-1.178294516399181,1.1003013378734439,1.0454422112967876,38.60008721172536,38.9864045205244,0.3863173087990446,0.423162109493729,0.3314769857700878,-1.7705574342404167,0.735931637749106,-0.14366871990787494,-1.1782945163991858,habitual_limitada44,44.0,2.220446049250313e-16
reprocessed_topcoded44,flat_below,41.0,1.326,0.6766504686787346,0.0021098039890823555,4.268422256052508,4.224010707531011,4.268422256052508,4.22401058627723,-1.040467551178248,0.9704038331280307,0.9220386206645559,38.60008721172536,38.94083653837178,0.3407493266464168,0.45212918506738525,0.35416786163611846,-1.6315232611189343,0.7179085212005067,-0.12685281125982073,-1.0404675511782482,habitual_limitada44,44.0,6.661338147750939e-16
reprocessed_topcoded44,flat_below,41.25,1.326,0.6766504686787346,0.0021098039890823555,4.268422256052508,4.229572594183884,4.268422256052508,4.229572501594002,-0.910164448082329,0.84789042834712,0.8056457317530352,38.60008721172536,38.89784911209504,0.29776190036968075,0.47094298620643577,0.36890533919504137,-1.49272351257863,0.6935165575466794,-0.11095749305038335,-0.910164448082334,habitual_limitada44,44.0,4.440892098500626e-16
reprocessed_topcoded44,flat_below,41.5,1.326,0.6766504686787346,0.0021098039890823555,4.268422256052508,4.23481216857248,4.268422256052508,4.234812099410517,-0.7874124316630038,0.7327363961860733,0.6962407844705698,38.60008721172536,38.85743534248529,0.2573481307599268,0.47953242736848806,0.3756337347719823,-1.354104725733802,0.6626779365641892,-0.09598564249339404,-0.7874124316630068,habitual_limitada44,44.0,0.0
reprocessed_topcoded44,flat_below,41.75,1.326,0.6766504686787346,0.0021098039890823555,4.268422256052508,4.239726323344291,4.268422256052508,4.239726273021869,-0.6722843005404933,0.624962581324251,0.5938442742420946,38.60008721172536,38.81960419596612,0.21951698424076405,0.47782236651688886,0.3742941871048963,-1.215666122553887,0.6253275401818605,-0.08194571816846452,-0.6722843005404908,habitual_limitada44,44.0,2.220446049250313e-16
reprocessed_topcoded44,flat_below,42.0,1.326,0.6766504686787346,0.0021098039890823555,4.268422256052508,4.24431216877303,4.268422256052508,4.244312133310848,-0.5648477548183206,0.5245876850381803,0.4984746214223623,38.60008721172536,38.78436376965328,0.18427655792792597,0.4657444775299368,0.36483317406511717,-1.0774069306109288,0.5814047541598772,-0.06884557836727047,-0.5648477548183222,habitual_limitada44,44.0,2.220446049250313e-16
reprocessed_topcoded44,flat_below,42.25,1.326,0.6766504686787346,0.0021098039890823555,4.268422256052508,4.248485489460407,4.268422256052508,4.248485465250541,-0.46707578107652026,0.4334083534056843,0.4118395636482308,38.60008721172536,38.75234641646236,0.1522592047369986,0.4436765489749548,0.3475466300303812,-0.9420385782582718,0.531888176236035,-0.05692537905428421,-0.46707578107652087,habitual_limitada44,44.0,-2.220446049250313e-16
reprocessed_topcoded44,flat_below,42.5,1.326,0.6766504686787346,0.0021098039890823555,4.268422256052508,4.252331831513734,4.268422256052508,4.252331815767131,-0.3769642170700971,0.34951281086754715,0.33212323209654837,38.60008721172536,38.72288224551422,0.12279503378886392,0.411340744995589,0.3222169169132114,-0.8068411994817581,0.4758173744120494,-0.045940392000387395,-0.37696421707009614,habitual_limitada44,44.0,-4.440892098500626e-16
reprocessed_topcoded44,flat_below,42.75,1.326,0.6766504686787346,0.0021098039890823555,4.268422256052508,4.2558489982724375,4.268422256052508,4.255848988670239,-0.29456452585594484,0.2729143587267169,0.25933877304462616,38.60008721172536,38.695977071579655,0.09588985985429788,0.3686896946156679,0.28880692744893993,-0.6718140818801555,0.41314613511492626,-0.035896579090717896,-0.29456452585594706,habitual_limitada44,44.0,0.0
reprocessed_topcoded44,flat_below,43.0,1.326,0.6766504686787346,0.0021098039890823555,4.268422256052508,4.259035014991329,4.268422256052508,4.259035009645334,-0.21992297148831774,0.20362427388167514,0.1934973677879981,38.60008721172536,38.671635892872814,0.07154868114745416,0.31568292489897803,0.24728495783753282,-0.5369565180250593,0.3438328394716324,-0.02679929293488873,-0.21992297148831558,habitual_limitada44,44.0,-2.220446049250313e-16
reprocessed_topcoded44,flat_below,43.25,1.326,0.6766504686787346,0.0021098039890823555,4.268422256052508,4.261883979540021,4.268422256052508,4.26188397694935,-0.15317782825297055,0.14174194554366082,0.13469388465146004,38.60008721172536,38.64989456207132,0.04980735034595951,0.25237964893785053,0.19769739166798292,-0.40246658955788744,0.26795388529314473,-0.018665123988223724,-0.15317782825296644,habitual_limitada44,44.0,0.0
reprocessed_topcoded44,flat_below,43.5,1.326,0.6766504686787346,0.0021098039890823555,4.268422256052508,4.264399003934273,4.268422256052508,4.264399002954269,-0.09425618827964,0.08717381778799993,0.0828398044140366,38.60008721172536,38.63072104298753,0.03063383126217234,0.17867665663817955,0.13996338103324066,-0.26814431943548767,0.18537308255219706,-0.011484951396347833,-0.09425618827963846,habitual_limitada44,44.0,0.0
reprocessed_topcoded44,flat_below,43.75,1.326,0.6766504686787346,0.0021098039890823555,4.268422256052508,4.2665787876527705,4.268422256052508,4.266578787447187,-0.043188519999948216,0.039925327030720936,0.03794062862025882,38.60008721172536,38.6141179713458,0.014030759620442534,0.09455432172491883,0.07406755201785309,-0.1339890179131739,0.09606277874646635,-0.005262280833245905,-0.04318851999995346,habitual_limitada44,44.0,4.440892098500626e-16
reprocessed_topcoded44,flat_below,44.0,1.326,0.6766504686787346,0.0021098039890823555,4.268422256052508,4.268422256052508,4.268422256052508,4.268422256052508,0.0,0.0,0.0,38.60008721172536,38.60008721172536,0.0,0.0,0.0,0.0,0.0,0.0,0.0,habitual_limitada44,44.0,0.0
