version,efficiency_mode,hours_cap,sigma_sub,omega,kappa,Y0,Y1,C0,C1,dY_pct,A_req_pct,A_req_frozen_pct,baseline_informality_pct,informality_pct,dInf_pp,dGHH_pct,CE_pct,hours_pct,efficiency_pct,reallocation_pct,decomposition_total_pct,dimension,E_Q,h_star,eta_I,bridge_target,bridge_residual,baseline_operator_h0,interpretation
empirical_sensitivity_topcoded44,bilateral,40,1.326,0.6753802439191128,0.003164705983623533,4.13576241145319,4.084966262758809,4.13576241145319,4.084966093310869,-1.2282172823494752,1.1474391947101203,1.09022699735275,38.600087211725366,39.002902094183725,0.4028148824583633,0.789229197428282,0.6182295379854876,-2.242915695220939,1.1644464606219223,-0.1497480477504538,-1.2282172823494708,efficiency,0.4,40.0,0.4,1.6824732562046965,2.4424906541753444e-15,44.0,Conditional base44 hourly mapping; not an identified set
empirical_sensitivity_topcoded44,bilateral,40,1.326,0.6756514587578325,0.0021098039890823555,4.184726136567193,4.114567073902902,4.184726136567193,4.114566755851357,-1.6765508751271252,1.5725760814771839,1.494071855542023,38.60008721172534,39.15195635994256,0.5518691482172211,0.2249881084948079,0.17624068498759954,-2.2435240598822053,0.771446106729871,-0.20447292197479433,-1.6765508751271287,efficiency,0.6,40.0,0.4,1.6824732562046965,4.440892098500626e-16,44.0,Conditional base44 hourly mapping; not an identified set
empirical_sensitivity_topcoded44,bilateral,40,1.326,0.6757995269550134,0.0010549019945411775,4.238516985167174,4.148893428185968,4.238516985167174,4.148892918628919,-2.1145027209952705,1.9911763366443846,1.8916581865906057,38.60008721172536,39.29861512898538,0.6985279172600223,-0.32613279246142607,-0.25547068742811707,-2.2389617297446187,0.38242291169292564,-0.2579639029435747,-2.114502720995268,efficiency,0.8,40.0,0.4,1.6824732562046965,1.5543122344752192e-15,44.0,Conditional base44 hourly mapping; not an identified set
empirical_sensitivity_topcoded44,bilateral,40,1.326,0.6757603959108988,0.0,4.2995567632993525,4.190517208413316,4.2995567632993525,4.19051647033611,-2.5360650152776,2.3972342385487844,2.277285204002677,38.60008721172536,39.440781811306344,0.8406945995809878,-0.8565775678997658,-0.6709857615214833,-2.2265796354101415,0.0,-0.30948537986745783,-2.5360650152775994,efficiency,1.0,40.0,0.4,1.6824732562046965,2.220446049250313e-16,44.0,Conditional base44 hourly mapping; not an identified set
empirical_sensitivity_topcoded44,bilateral,40,1.326,0.677145336520071,0.0011155514023328946,4.231715658950929,4.164044760840251,4.231715658950929,4.164044471828545,-1.5991362266399078,1.4989185494001633,1.4241043756650917,38.60008721172534,39.126159079459754,0.5260718677344178,0.3224138185349898,0.25255749118574206,-2.210596581161188,0.8064881747508664,-0.19502782022958526,-1.5991362266399067,peak,0.6,38.0,0.4,1.6824732562046965,4.440892098500626e-16,44.0,Conditional base44 hourly mapping; not an identified set
empirical_sensitivity_topcoded44,bilateral,40,1.326,0.6766549330007342,0.0014594328457154147,4.21852506199893,4.1499112165134795,4.21852506199893,4.149910917402615,-1.6264889855351017,1.5249317988140554,1.448814409803556,38.60008721172536,39.13527162260302,0.5351844108776593,0.28799048482633327,0.22559254644729443,-2.223009884071631,0.7948863340505757,-0.1983654355140502,-1.6264889855351055,peak,0.6,39.0,0.4,1.6824732562046965,2.220446049250313e-15,44.0,Conditional base44 hourly mapping; not an identified set
empirical_sensitivity_topcoded44,bilateral,40,1.326,0.6756514587578325,0.0021098039890823555,4.184726136567193,4.114567073902902,4.184726136567193,4.114566755851357,-1.6765508751271252,1.5725760814771839,1.494071855542023,38.60008721172534,39.15195635994256,0.5518691482172211,0.2249881084948079,0.17624068498759954,-2.2435240598822053,0.771446106729871,-0.20447292197479433,-1.6765508751271287,peak,0.6,40.0,0.4,1.6824732562046965,4.440892098500626e-16,44.0,Conditional base44 hourly mapping; not an identified set
empirical_sensitivity_topcoded44,bilateral,40,1.326,0.6727055558596137,0.003805787903135696,4.088008157986804,4.014429302974711,4.088008157986804,4.0144289357254435,-1.7998705523212144,1.6901252844546688,1.6057308365280631,38.60008721172534,39.193105149446666,0.5930179377213296,0.0697939387315089,0.0546719186730153,-2.2841642465652376,0.703809651102997,-0.21951595685897593,-1.7998705523212166,peak,0.6,41.0,0.4,1.6824732562046965,1.5543122344752192e-15,44.0,Conditional base44 hourly mapping; not an identified set
empirical_sensitivity_topcoded44,bilateral,40,1.326,0.6652020507284598,0.0021098039890823555,4.015784052219013,3.9484584275898817,4.015784052219013,3.9484581096177527,-1.6765250260887155,1.5725671510247174,1.4940718555420451,38.60008721172536,39.151887455916466,0.5518002441911085,0.22501695567262586,0.17626328194355692,-2.2435240598822155,0.7714461067298649,-0.2044470729363674,-1.676525026088718,eta,0.6,40.0,0.33,1.6824732562046965,-1.0436096431476471e-14,44.0,Conditional base44 hourly mapping; not an identified set
empirical_sensitivity_topcoded44,bilateral,40,1.326,0.6756514587578325,0.0021098039890823555,4.184726136567193,4.114567073902902,4.184726136567193,4.114566755851357,-1.6765508751271252,1.5725760814771839,1.494071855542023,38.60008721172534,39.15195635994256,0.5518691482172211,0.2249881084948079,0.17624068498759954,-2.2435240598822053,0.771446106729871,-0.20447292197479433,-1.6765508751271287,eta,0.6,40.0,0.4,1.6824732562046965,4.440892098500626e-16,44.0,Conditional base44 hourly mapping; not an identified set
empirical_sensitivity_topcoded44,bilateral,40,1.326,0.6875562083389861,0.0021098039890823555,4.382501273846111,4.309025194865198,4.382501273846111,4.309024876728429,-1.6765786109271263,1.5725856635182556,1.4940718555419785,38.60008721172536,39.15203029314476,0.5519430814194037,0.2249571558145294,0.17621643872138137,-2.243524059882205,0.7714461067299078,-0.20450065777483045,-1.6765786109271277,eta,0.6,40.0,0.5,1.6824732562046965,6.661338147750939e-16,44.0,Conditional base44 hourly mapping; not an identified set
empirical_sensitivity_topcoded44,bilateral,40,0.6,0.891239568734476,0.0021098039890823555,4.678887273641691,4.612053326719664,4.678887273641691,4.612053309333351,-1.4284154118978876,1.3945669007989103,1.4992713059018836,38.60008721172507,38.47105708967404,-0.1290301220510215,0.5047311407618378,0.3953727269301062,-2.255245016428171,0.7781198246784352,0.0487097798518457,-1.4284154118978902,sigma,0.6,40.0,0.4,1.6824732562046965,4.440892098500626e-16,44.0,Conditional base44 hourly mapping; not an identified set
empirical_sensitivity_topcoded44,bilateral,40,1.0,0.7507956422439133,0.0021098039890823555,4.336778249035327,4.268834441978343,4.336778249035327,4.268834376506608,-1.5666885221096494,1.4954774362125223,1.4954774362124779,38.60008721172534,38.85047565779713,0.25038844607179755,0.34885227999621016,0.2732676193303646,-2.2466985386856173,0.7732561016545291,-0.09324608507856454,-1.5666885221096527,sigma,0.6,40.0,0.4,1.6824732562046965,-2.195910120406097e-11,44.0,Conditional base44 hourly mapping; not an identified set
empirical_sensitivity_topcoded44,bilateral,40,1.326,0.6756514587578325,0.0021098039890823555,4.184726136567193,4.114567073902902,4.184726136567193,4.114566755851357,-1.6765508751271252,1.5725760814771839,1.494071855542023,38.60008721172534,39.15195635994256,0.5518691482172211,0.2249881084948079,0.17624068498759954,-2.2435240598822053,0.771446106729871,-0.20447292197479433,-1.6765508751271287,sigma,0.6,40.0,0.4,1.6824732562046965,4.440892098500626e-16,44.0,Conditional base44 hourly mapping; not an identified set
empirical_sensitivity_topcoded44,bilateral,40,1.5,0.646241203480732,0.0021098039890823555,4.128151606492669,4.0565622547544224,4.128151606492669,4.056561728314506,-1.7341744820043137,1.6119804401989457,1.4935708691048877,38.60008721172537,39.31009279995475,0.7100055882293732,0.16001552929016646,0.12534549794396374,-2.242391545040198,0.7707999394683162,-0.26258287643242906,-1.7341744820043106,sigma,0.6,40.0,0.4,1.6824732562046965,-5.551115123125783e-15,44.0,Conditional base44 hourly mapping; not an identified set
empirical_sensitivity_topcoded44,bilateral,40,2.0,0.5872009385335931,0.0021098039890823555,4.017889400719232,3.9417125115021427,4.017889400719232,3.941711120850454,-1.8959429098136305,1.7189999437728698,1.492615182914836,38.600087211725366,39.754062595825324,1.153975384099959,-0.022402169002388478,-0.017548365718537642,-2.2402296362049032,0.7695658049253876,-0.4252790785341119,-1.8959429098136276,sigma,0.6,40.0,0.4,1.6824732562046965,2.90878432451791e-14,44.0,Conditional base44 hourly mapping; not an identified set
empirical_sensitivity_topcoded44,bilateral,36,1.326,0.6753802439191128,0.003164705983623533,4.13576241145319,3.7707115474926374,4.13576241145319,3.7707016356389986,-8.82668847102086,8.845659708802378,8.395830791549308,38.600087211725366,41.68089640273052,3.0808091910051516,-4.915858401602775,-3.8507557479221735,-6.742097858003243,-1.0034314028914055,-1.0811592101262097,-8.826688471020859,efficiency,0.4,40.0,0.4,1.6824732562046965,2.4424906541753444e-15,44.0,Conditional base44 hourly mapping; not an identified set
empirical_sensitivity_topcoded44,bilateral,36,1.326,0.6756514587578325,0.0021098039890823555,4.184726136567193,3.8333086095153623,4.184726136567193,3.833299700873009,-8.397623060229797,8.381260761025477,7.955503883426318,38.60008721172534,41.520828722211924,2.920741510486585,-4.365855055297139,-3.4199197933160925,-6.707031454034781,-0.6622119816838027,-1.0283796245112191,-8.397623060229801,efficiency,0.6,40.0,0.4,1.6824732562046965,4.440892098500626e-16,44.0,Conditional base44 hourly mapping; not an identified set
empirical_sensitivity_topcoded44,bilateral,36,1.326,0.6757995269550134,0.0010549019945411775,4.238516985167174,3.9012079223402636,4.238516985167174,3.901199979099968,-7.95818594115193,7.9095532448634875,7.50819879862763,38.60008721172536,41.358036087809666,2.757948876084304,-3.8025751510139973,-2.9786838682942984,-6.65684758269519,-0.3269907501292148,-0.9743476083275243,-7.958185941151929,efficiency,0.8,40.0,0.4,1.6824732562046965,1.5543122344752192e-15,44.0,Conditional base44 hourly mapping; not an identified set
empirical_sensitivity_topcoded44,bilateral,36,1.326,0.6757603959108988,0.0,4.2995567632993525,3.977000193716166,4.2995567632993525,3.976993187358259,-7.502088874288193,7.424102114359399,7.0478092659947755,38.60008721172536,41.19028853166971,2.590201319944346,-3.21795980418126,-2.520735179941987,-6.583795889257506,0.0,-0.918292985030691,-7.502088874288198,efficiency,1.0,40.0,0.4,1.6824732562046965,2.220446049250313e-16,44.0,Conditional base44 hourly mapping; not an identified set
empirical_sensitivity_topcoded44,bilateral,36,1.326,0.677145336520071,0.0011155514023328946,4.231715658950929,3.949500086808298,4.231715658950929,3.9494946260803614,-6.669058010683882,6.548250265327371,6.217076189217807,38.60008721172534,40.88680531975884,2.286718108033509,-2.1502533028957904,-1.6843650872683695,-6.61059750314853,0.75741794646167,-0.8158784539970169,-6.669058010683877,peak,0.6,38.0,0.4,1.6824732562046965,4.440892098500626e-16,44.0,Conditional base44 hourly mapping; not an identified set
empirical_sensitivity_topcoded44,bilateral,36,1.326,0.6766549330007342,0.0014594328457154147,4.21852506199893,3.9118938053840417,4.21852506199893,3.9118872541811163,-7.268684009419923,7.177345253628187,6.813795824544688,38.60008721172536,41.10474206151598,2.504654849790616,-2.9187968963823216,-2.2863909021661524,-6.647089533520407,0.26795491711072933,-0.8895493930102497,-7.268684009419928,peak,0.6,39.0,0.4,1.6824732562046965,2.220446049250313e-15,44.0,Conditional base44 hourly mapping; not an identified set
empirical_sensitivity_topcoded44,bilateral,36,1.326,0.6756514587578325,0.0021098039890823555,4.184726136567193,3.8333086095153623,4.184726136567193,3.833299700873009,-8.397623060229797,8.381260761025477,7.955503883426318,38.60008721172534,41.520828722211924,2.920741510486585,-4.365855055297139,-3.4199197933160925,-6.707031454034781,-0.6622119816838027,-1.0283796245112191,-8.397623060229801,peak,0.6,40.0,0.4,1.6824732562046965,4.440892098500626e-16,44.0,Conditional base44 hourly mapping; not an identified set
empirical_sensitivity_topcoded44,bilateral,36,1.326,0.6727055558596137,0.003805787903135696,4.088008157986804,3.626043517622989,4.088008157986804,3.62602658955103,-11.300482350096786,11.599087394856799,11.00552083420463,38.60008721172534,42.62624794815042,4.026160736425083,-8.087266121774888,-6.335025128723664,-6.823943180911262,-3.090447339036152,-1.3860918301493663,-11.30048235009678,peak,0.6,41.0,0.4,1.6824732562046965,1.5543122344752192e-15,44.0,Conditional base44 hourly mapping; not an identified set
empirical_sensitivity_topcoded44,bilateral,36,1.326,0.6652020507284598,0.0021098039890823555,4.015784052219013,3.6785595593066693,4.015784052219013,3.6785506530599585,-8.397475773778297,8.381211349970542,7.9555038834263625,38.60008721172536,41.52043598435225,2.9203487726268906,-4.365672925347157,-3.419777124855273,-6.70703145403483,-0.6622119816838014,-1.0282323380596592,-8.397475773778293,eta,0.6,40.0,0.33,1.6824732562046965,-1.0436096431476471e-14,44.0,Conditional base44 hourly mapping; not an identified set
empirical_sensitivity_topcoded44,bilateral,36,1.326,0.6756514587578325,0.0021098039890823555,4.184726136567193,3.8333086095153623,4.184726136567193,3.833299700873009,-8.397623060229797,8.381260761025477,7.955503883426318,38.60008721172534,41.520828722211924,2.920741510486585,-4.365855055297139,-3.4199197933160925,-6.707031454034781,-0.6622119816838027,-1.0283796245112191,-8.397623060229801,eta,0.6,40.0,0.4,1.6824732562046965,4.440892098500626e-16,44.0,Conditional base44 hourly mapping; not an identified set
empirical_sensitivity_topcoded44,bilateral,36,1.326,0.6875562083389861,0.0021098039890823555,4.382501273846111,4.014468410030703,4.382501273846111,4.0144594988174385,-8.397781103037083,8.381313777475263,7.955503883426318,38.60008721172536,41.52125013466838,2.9211629229430214,-4.366050482968855,-3.4200728783256027,-6.707031454034833,-0.6622119816837504,-1.0285376673184972,-8.39778110303708,eta,0.6,40.0,0.5,1.6824732562046965,6.661338147750939e-16,44.0,Conditional base44 hourly mapping; not an identified set
empirical_sensitivity_topcoded44,bilateral,36,0.6,0.891239568734476,0.0021098039890823555,4.678887273641691,4.339387020836474,4.678887273641691,4.339386617873927,-7.256004108450675,7.497596445127908,8.102770948680904,38.60008721172507,37.97890401092198,-0.6211832008030882,-2.8589899824114267,-2.2395421528889505,-6.811597617692049,-0.6838355498143498,0.2394290590557236,-7.256004108450674,sigma,0.6,40.0,0.4,1.6824732562046965,4.440892098500626e-16,44.0,Conditional base44 hourly mapping; not an identified set
empirical_sensitivity_topcoded44,bilateral,36,1.0,0.7507956422439133,0.0021098039890823555,4.336778249035327,3.994518784858067,4.336778249035327,3.9945168785371905,-7.892021323741705,7.995868282765262,7.995868282765239,38.60008721172534,39.95118058211048,1.3510933703851424,-3.698369263898136,-2.897055923386873,-6.7356702465185325,-0.6681947437880302,-0.48815633343513926,-7.8920213237417025,sigma,0.6,40.0,0.4,1.6824732562046965,-2.195910120406097e-11,44.0,Conditional base44 hourly mapping; not an identified set
empirical_sensitivity_topcoded44,bilateral,36,1.326,0.6756514587578325,0.0021098039890823555,4.184726136567193,3.8333086095153623,4.184726136567193,3.833299700873009,-8.397623060229797,8.381260761025477,7.955503883426318,38.60008721172534,41.520828722211924,2.920741510486585,-4.365855055297139,-3.4199197933160925,-6.707031454034781,-0.6622119816838027,-1.0283796245112191,-8.397623060229801,sigma,0.6,40.0,0.4,1.6824732562046965,4.440892098500626e-16,44.0,Conditional base44 hourly mapping; not an identified set
empirical_sensitivity_topcoded44,bilateral,36,1.5,0.646241203480732,0.0021098039890823555,4.128151606492669,3.7705504401683485,4.128151606492669,3.7705358032748144,-8.662500809366913,8.579739352175908,7.941020156612466,38.60008721172537,42.34388012553407,3.7437929138086967,-4.715625676986856,-3.6939067803063703,-6.696758575536626,-0.6600554930081874,-1.305686740822103,-8.662500809366916,sigma,0.6,40.0,0.4,1.6824732562046965,-5.551115123125783e-15,44.0,Conditional base44 hourly mapping; not an identified set
empirical_sensitivity_topcoded44,bilateral,36,2.0,0.5872009385335931,0.0021098039890823555,4.017889400719232,3.640067847969504,4.017889400719232,3.640029632976827,-9.403483149190105,9.123766783229016,7.91325165974639,38.600087211725366,44.64937507328459,6.049287861559227,-5.694411457523248,-4.460622308393212,-6.677067814540221,-0.6559070870938184,-2.0705082475560626,-9.403483149190102,sigma,0.6,40.0,0.4,1.6824732562046965,2.90878432451791e-14,44.0,Conditional base44 hourly mapping; not an identified set
empirical_sensitivity_topcoded44,flat_below,40,1.326,0.6770893318894414,0.003164705983623533,4.253122694480624,4.202577002511726,4.253122694480624,4.202576843941487,-1.1884371930885762,1.1098740167398757,1.0545366447951787,38.60008721172536,38.98975831500081,0.38967110327545185,0.8392980453684005,0.6574501355385804,-2.1698662496706542,1.126334034484858,-0.1449049779027783,-1.1884371930885747,efficiency,0.4,40.0,0.4,1.6824732562046965,2.4424906541753444e-15,44.0,Conditional base44 hourly mapping; not an identified set
empirical_sensitivity_topcoded44,flat_below,40,1.326,0.6766504686787346,0.0021098039890823555,4.268422256052508,4.19860031522371,4.268422256052508,4.198600012622606,-1.6357786704394695,1.5337648709667917,1.4572024376819703,38.60008721172536,39.13838502425154,0.5382978125261839,0.27630057651782125,0.21643545160562666,-2.1887591842589864,0.752486152211766,-0.19950563839224886,-1.6357786704394692,efficiency,0.6,40.0,0.4,1.6824732562046965,1.9984014443252818e-15,44.0,Conditional base44 hourly mapping; not an identified set
empirical_sensitivity_topcoded44,flat_below,40,1.326,0.6762074931033315,0.0010549019945411775,4.283899837267532,4.194580466739494,4.283899837267532,4.194579971511928,-2.0850013754058594,1.9628697211186097,1.8647712466106414,38.60008721172534,39.28872328167036,0.68863606994502,-0.2890085676847798,-0.22639004468641089,-2.2076645297171567,0.37703042158560385,-0.25436726727430364,-2.0850013754058567,efficiency,0.8,40.0,0.4,1.6824732562046965,2.220446049250313e-16,44.0,Conditional base44 hourly mapping; not an identified set
empirical_sensitivity_topcoded44,flat_below,40,1.326,0.6757603959108988,0.0,4.2995567632993525,4.190517208413316,4.2995567632993525,4.19051647033611,-2.5360650152776,2.3972342385487844,2.277285204002677,38.60008721172536,39.440781811306344,0.8406945995809878,-0.8565775678997658,-0.6709857615214833,-2.2265796354101415,0.0,-0.30948537986745783,-2.5360650152775994,efficiency,1.0,40.0,0.4,1.6824732562046965,2.220446049250313e-16,44.0,Conditional base44 hourly mapping; not an identified set
empirical_sensitivity_topcoded44,flat_below,40,1.326,0.6769191985313766,0.0011155514023328946,4.259049795470004,4.191709573473219,4.259049795470004,4.1917092910140505,-1.5811090555552854,1.4817796779805326,1.4078232224441711,38.60008721172534,39.120161279030164,0.5200740673048265,0.34510139935384104,0.27032942949384214,-2.185579738988153,0.7973010266485443,-0.1928303432156774,-1.5811090555552865,peak,0.6,38.0,0.4,1.6824732562046965,-2.220446049250313e-16,44.0,Conditional base44 hourly mapping; not an identified set
empirical_sensitivity_topcoded44,flat_below,40,1.326,0.6767557369382602,0.0014594328457154147,4.264749300735273,4.1965027792523095,4.264749300735273,4.1965024898222625,-1.6002469704654798,1.4999718896600678,1.425103451759857,38.60008721172533,39.12653968296805,0.5264524712427165,0.3210165948184826,0.251462999274478,-2.1870057819698165,0.7819261682845684,-0.19516735678022681,-1.6002469704654747,peak,0.6,39.0,0.4,1.6824732562046965,-6.661338147750939e-16,44.0,Conditional base44 hourly mapping; not an identified set
empirical_sensitivity_topcoded44,flat_below,40,1.326,0.6766504686787346,0.0021098039890823555,4.268422256052508,4.19860031522371,4.268422256052508,4.198600012622606,-1.6357786704394695,1.5337648709667917,1.4572024376819703,38.60008721172536,39.13838502425154,0.5382978125261839,0.27630057651782125,0.21643545160562666,-2.1887591842589864,0.752486152211766,-0.19950563839224886,-1.6357786704394692,peak,0.6,40.0,0.4,1.6824732562046965,1.9984014443252818e-15,44.0,Conditional base44 hourly mapping; not an identified set
empirical_sensitivity_topcoded44,flat_below,40,1.326,0.6766608573330773,0.003805787903135696,4.268059694082158,4.198694517521984,4.268059694082158,4.198694218867558,-1.6252157076516949,1.5237164938100678,1.447657772050115,38.60008721172533,39.13486312602947,0.534775914304142,0.2895938563705596,0.22684852082360507,-2.188214975117061,0.7612152751309368,-0.19821600766556657,-1.6252157076516909,peak,0.6,41.0,0.4,1.6824732562046965,-2.220446049250313e-16,44.0,Conditional base44 hourly mapping; not an identified set
empirical_sensitivity_topcoded44,flat_below,40,1.326,0.6662173455942922,0.0021098039890823555,4.096617176188274,4.0296065952963,4.096617176188274,4.029606292769012,-1.6357540382702984,1.5337563593431636,1.4572024376819925,38.600087211725366,39.13831936416648,0.5382321524411093,0.2763280749386795,0.21645699203529895,-2.188759184259074,0.7524861522118338,-0.1994810062230571,-1.6357540382702973,eta,0.6,40.0,0.33,1.6824732562046965,-8.215650382226158e-15,44.0,Conditional base44 hourly mapping; not an identified set
empirical_sensitivity_topcoded44,flat_below,40,1.326,0.6766504686787346,0.0021098039890823555,4.268422256052508,4.19860031522371,4.268422256052508,4.198600012622606,-1.6357786704394695,1.5337648709667917,1.4572024376819703,38.60008721172536,39.13838502425154,0.5382978125261839,0.27630057651782125,0.21643545160562666,-2.1887591842589864,0.752486152211766,-0.19950563839224886,-1.6357786704394692,eta,0.6,40.0,0.4,1.6824732562046965,1.9984014443252818e-15,44.0,Conditional base44 hourly mapping; not an identified set
empirical_sensitivity_topcoded44,flat_below,40,1.326,0.6885354540374578,0.0021098039890823555,4.469511652515885,4.3963991528428235,4.469511652515885,4.396398850162499,-1.6358051025978648,1.5337740043353865,1.4572024376819925,38.60008721172534,39.138455482215164,0.5383682704898307,0.276271068746279,0.21641233718458522,-2.188759184258968,0.7524861522117443,-0.199532070550646,-1.63580510259787,eta,0.6,40.0,0.5,1.6824732562046965,-1.5543122344752192e-15,44.0,Conditional base44 hourly mapping; not an identified set
empirical_sensitivity_topcoded44,flat_below,40,0.6,0.8900345732356597,0.0021098039890823555,4.760135609489056,4.693800766615233,4.760135609489056,4.69380075005725,-1.393549434633501,1.3600762586317705,1.4621484715259259,38.60008721172562,38.47416826583513,-0.1259189458904908,0.5494102317892388,0.43037134823490375,-2.199915078458396,0.7588373035911995,0.04752834023369706,-1.3935494346334998,sigma,0.6,40.0,0.4,1.6824732562046965,-2.220446049250313e-16,44.0,Conditional base44 hourly mapping; not an identified set
empirical_sensitivity_topcoded44,flat_below,40,1.0,0.7507956422439134,0.0021098039890823555,4.419534459550236,4.35198054695906,4.419534459550236,4.351980484683288,-1.528530056942945,1.4585394014045683,1.4585394014045017,38.60008721172533,38.84428792009181,0.24420070836647656,0.3972288019890129,0.3111625615580601,-2.191780227386617,0.7542083778313765,-0.09095820738770133,-1.5285300569429419,sigma,0.6,40.0,0.4,1.6824732562046965,-2.195865711485112e-11,44.0,Conditional base44 hourly mapping; not an identified set
empirical_sensitivity_topcoded44,flat_below,40,1.326,0.6766504686787346,0.0021098039890823555,4.268422256052508,4.19860031522371,4.268422256052508,4.198600012622606,-1.6357786704394695,1.5337648709667917,1.4572024376819703,38.60008721172536,39.13838502425154,0.5382978125261839,0.27630057651782125,0.21643545160562666,-2.1887591842589864,0.752486152211766,-0.19950563839224886,-1.6357786704394692,sigma,0.6,40.0,0.4,1.6824732562046965,1.9984014443252818e-15,44.0,Conditional base44 hourly mapping; not an identified set
empirical_sensitivity_topcoded44,flat_below,40,1.5,0.6476540541791984,0.0021098039890823555,4.2121997111603795,4.140927926432772,4.2121997111603795,4.14092742553978,-1.692032420465972,1.5722108290425751,1.4567259276223599,38.600087211725366,39.29265109364005,0.6925638819146873,0.21286699653128358,0.1667458139495055,-2.1876814781596385,0.7518713686735956,-0.2562223109799291,-1.6920324204659718,sigma,0.6,40.0,0.4,1.6824732562046965,-7.549516567451064e-15,44.0,Conditional base44 hourly mapping; not an identified set
empirical_sensitivity_topcoded44,flat_below,40,2.0,0.5894481854442213,0.0021098039890823555,4.102592580281526,4.02669626126538,4.102592580281526,4.026694937976951,-1.8499599346259776,1.6766238720885118,1.4558169609608207,38.60008721172533,39.7257663523425,1.125679140617164,0.03476549175052038,0.027232968537907628,-2.1856242967997876,0.7506972472043818,-0.41503288503056684,-1.8499599346259727,sigma,0.6,40.0,0.4,1.6824732562046965,5.484501741648273e-14,44.0,Conditional base44 hourly mapping; not an identified set
empirical_sensitivity_topcoded44,flat_below,36,1.326,0.6770893318894414,0.003164705983623533,4.253122694480624,3.9885377415026393,4.253122694480624,3.988533024749092,-6.220957446662501,6.0827169393854685,5.7754390911786135,38.60008721172536,40.72533196834806,2.1252447566226964,-1.5759420126514216,-1.2344879099102803,-6.517728761860418,1.0576341115322097,-0.7608627963342905,-6.220957446662499,efficiency,0.4,40.0,0.4,1.6824732562046965,2.4424906541753444e-15,44.0,Conditional base44 hourly mapping; not an identified set
empirical_sensitivity_topcoded44,flat_below,36,1.326,0.6766504686787346,0.0021098039890823555,4.268422256052508,3.984733429243401,4.268422256052508,3.984728007638436,-6.646222182138706,6.52441594956108,6.194459453157797,38.60008721172536,40.878599085827844,2.2785118741024846,-2.1209845049641367,-1.661437862221907,-6.53973704950988,0.7066083862483395,-0.8130935188771633,-6.646222182138704,efficiency,0.6,40.0,0.4,1.6824732562046965,1.9984014443252818e-15,44.0,Conditional base44 hourly mapping; not an identified set
empirical_sensitivity_topcoded44,flat_below,36,1.326,0.6762074931033315,0.0010549019945411775,4.283899837267532,3.9808876567858316,4.283899837267532,3.9808814725477077,-7.07327883452511,6.971528701229279,6.618568384085166,38.60008721172534,41.033582237490755,2.4334950257654198,-2.66834011950315,-2.090199760277468,-6.56176045357641,0.3540534055486375,-0.8655717864973407,-7.073278834525113,efficiency,0.8,40.0,0.4,1.6824732562046965,2.220446049250313e-16,44.0,Conditional base44 hourly mapping; not an identified set
empirical_sensitivity_topcoded44,flat_below,36,1.326,0.6757603959108988,0.0,4.2995567632993525,3.977000193716166,4.2995567632993525,3.976993187358259,-7.502088874288193,7.424102114359399,7.0478092659947755,38.60008721172536,41.19028853166971,2.590201319944346,-3.21795980418126,-2.520735179941987,-6.583795889257506,0.0,-0.918292985030691,-7.502088874288198,efficiency,1.0,40.0,0.4,1.6824732562046965,2.220446049250313e-16,44.0,Conditional base44 hourly mapping; not an identified set
empirical_sensitivity_topcoded44,flat_below,36,1.326,0.6769191985313766,0.0011155514023328946,4.259049795470004,3.98706361117585,4.259049795470004,3.987058627147616,-6.386076645157868,6.253800558459788,5.9377441090821215,38.60008721172534,40.7847157766705,2.1846285649451627,-1.7875658484439905,-1.400259914614459,-6.534142683756174,0.9292054076063886,-0.7811393690080813,-6.386076645157866,peak,0.6,38.0,0.4,1.6824732562046965,-2.220446049250313e-16,44.0,Conditional base44 hourly mapping; not an identified set
empirical_sensitivity_topcoded44,flat_below,36,1.326,0.6767557369382602,0.0014594328457154147,4.264749300735273,3.985646476428919,4.264749300735273,3.9856412284849636,-6.544413390447945,6.418352945213801,6.093846411686532,38.60008721172533,40.84181025051844,2.241723038793114,-1.9904993131842124,-1.5592244619942996,-6.537070188216144,0.7932437385274745,-0.8005869407592738,-6.544413390447944,peak,0.6,39.0,0.4,1.6824732562046965,-6.661338147750939e-16,44.0,Conditional base44 hourly mapping; not an identified set
empirical_sensitivity_topcoded44,flat_below,36,1.326,0.6766504686787346,0.0021098039890823555,4.268422256052508,3.984733429243401,4.268422256052508,3.984728007638436,-6.646222182138706,6.52441594956108,6.194459453157797,38.60008721172536,40.878599085827844,2.2785118741024846,-2.1209845049641367,-1.661437862221907,-6.53973704950988,0.7066083862483395,-0.8130935188771633,-6.646222182138704,peak,0.6,40.0,0.4,1.6824732562046965,1.9984014443252818e-15,44.0,Conditional base44 hourly mapping; not an identified set
empirical_sensitivity_topcoded44,flat_below,36,1.326,0.6766608573330773,0.003805787903135696,4.268059694082158,3.984823550194586,4.268059694082158,3.9848181458568566,-6.63618047049086,6.513945647638653,6.184527278382945,38.60008721172533,40.87496778308164,2.274880571356308,-2.1081143107566325,-1.6513562100926953,-6.539125427373012,0.7148048442347237,-0.811859887352572,-6.636180470490861,peak,0.6,41.0,0.4,1.6824732562046965,-2.220446049250313e-16,44.0,Conditional base44 hourly mapping; not an identified set
empirical_sensitivity_topcoded44,flat_below,36,1.326,0.6662173455942922,0.0021098039890823555,4.096617176188274,3.8243514111157784,4.096617176188274,3.824345990908962,-6.6461119836886295,6.524378722576785,6.194459453157886,38.600087211725366,40.878305270184036,2.2782180584586698,-2.120846497913404,-1.6613297566988334,-6.539737049509918,0.7066083862483082,-0.8129833204270186,-6.646111983688628,eta,0.6,40.0,0.33,1.6824732562046965,-8.215650382226158e-15,44.0,Conditional base44 hourly mapping; not an identified set
empirical_sensitivity_topcoded44,flat_below,36,1.326,0.6766504686787346,0.0021098039890823555,4.268422256052508,3.984733429243401,4.268422256052508,3.984728007638436,-6.646222182138706,6.52441594956108,6.194459453157797,38.60008721172536,40.878599085827844,2.2785118741024846,-2.1209845049641367,-1.661437862221907,-6.53973704950988,0.7066083862483395,-0.8130935188771633,-6.646222182138704,eta,0.6,40.0,0.4,1.6824732562046965,1.9984014443252818e-15,44.0,Conditional base44 hourly mapping; not an identified set
empirical_sensitivity_topcoded44,flat_below,36,1.326,0.6885354540374578,0.0021098039890823555,4.469511652515885,4.172452692244659,4.469511652515885,4.1724472691391545,-6.646340436410137,6.524455895979919,6.194459453157819,38.60008721172534,40.87891437617322,2.278827164447883,-2.1211325988371845,-1.661553869089128,-6.539737049509898,0.7066083862483423,-0.8132117731485756,-6.6463404364101315,eta,0.6,40.0,0.5,1.6824732562046965,-1.5543122344752192e-15,44.0,Conditional base44 hourly mapping; not an identified set
empirical_sensitivity_topcoded44,flat_below,36,0.6,0.8900345732356597,0.0021098039890823555,4.760135609489056,4.4877879589679655,4.760135609489056,4.487787700529935,-5.721426296725262,5.8225757495868224,6.283766939836122,38.60008721172562,38.10261872836726,-0.4974684833583598,-0.901668268916477,-0.7063068106512403,-6.639160291381136,0.7269056538567066,0.1908283407991654,-5.721426296725263,sigma,0.6,40.0,0.4,1.6824732562046965,-2.220446049250313e-16,44.0,Conditional base44 hourly mapping; not an identified set
empirical_sensitivity_topcoded44,flat_below,36,1.0,0.7507956422439134,0.0021098039890823555,4.419534459550236,4.143908361253676,4.419534459550236,4.143907213630889,-6.2365414461461155,6.21884880094663,6.218848800946453,38.60008721172533,39.64839048617597,1.0483032744506349,-1.580760083923765,-1.2382620657402825,-6.566955370964442,0.7122046641472894,-0.3817907393289618,-6.236541446146115,sigma,0.6,40.0,0.4,1.6824732562046965,-2.195865711485112e-11,44.0,Conditional base44 hourly mapping; not an identified set
empirical_sensitivity_topcoded44,flat_below,36,1.326,0.6766504686787346,0.0021098039890823555,4.268422256052508,3.984733429243401,4.268422256052508,3.984728007638436,-6.646222182138706,6.52441594956108,6.194459453157797,38.60008721172536,40.878599085827844,2.2785118741024846,-2.1209845049641367,-1.661437862221907,-6.53973704950988,0.7066083862483395,-0.8130935188771633,-6.646222182138704,sigma,0.6,40.0,0.4,1.6824732562046965,1.9984014443252818e-15,44.0,Conditional base44 hourly mapping; not an identified set
empirical_sensitivity_topcoded44,flat_below,36,1.5,0.6476540541791984,0.0021098039890823555,4.2121997111603795,3.9231988067033736,4.2121997111603795,3.923189878638203,-6.861044686254725,6.6815006771681285,6.185723180175384,38.600087211725366,41.5240109210959,2.923923709370535,-2.4043087115871753,-1.8833751574099542,-6.529975760516262,0.7045945370164782,-1.035663462754937,-6.86104468625472,sigma,0.6,40.0,0.4,1.6824732562046965,-7.549516567451064e-15,44.0,Conditional base44 hourly mapping; not an identified set
empirical_sensitivity_topcoded44,flat_below,36,2.0,0.5894481854442213,0.0021098039890823555,4.102592580281526,3.7964089060289514,4.102592580281526,3.7963854992778203,-7.4631752546962415,7.111181167822922,6.168995446085912,38.60008721172533,43.334410706308226,4.734323494582893,-3.1986303661155695,-2.5055937867905294,-6.511268541958613,0.7007252471239117,-1.652631959861541,-7.463175254696242,sigma,0.6,40.0,0.4,1.6824732562046965,5.484501741648273e-14,44.0,Conditional base44 hourly mapping; not an identified set
