efficiency_mode,hours_cap,gain_pct,A_mult,dGHH_pct,CE_pct,dY_pct,Y0,Y1,C0_per_worker,C1_per_worker,hours0_per_worker,hours1_per_worker,informality_pct,max_kkt_violation,resource_residual
flat_below,36,0.0,1.0,-2.1209845049641367,-1.661437862221907,-6.646222182138706,4.268422256052508,3.984733429243401,7.2346139933093365,6.753776284132943,38.22434720369175,35.034018825055774,40.878599085827844,2.491279751937192e-15,0.0
flat_below,36,0.1,1.001,-1.9901995230966554,-1.5589896264257135,-6.544032978175618,4.268422256052508,3.9890952959686445,7.2346139933093365,6.761169467517011,38.22434720369175,35.03383931797573,40.85505366457968,2.2326975337993993e-15,0.0
flat_below,36,0.2,1.002,-1.8594288296140147,-1.456552583197645,-6.441854367130128,4.268422256052508,3.9934567105434353,7.2346139933093365,6.768561882172576,38.22434720369175,35.0336602058972,40.83156005452931,4.141652298894627e-16,0.0
flat_below,36,0.30000000000000004,1.003,-1.7286723869809242,-1.3541267031350577,-6.339686321434234,4.268422256052508,3.9978176741444926,7.2346139933093365,6.775953530108171,38.22434720369175,35.03348148768429,40.8081181066881,1.5531196120854851e-15,0.0
flat_below,36,0.4,1.004,-1.5979301577519451,-1.2517119569056905,-6.237528813583893,4.268422256052508,4.002178187945805,7.2346139933093365,6.783344413327614,38.22434720369175,35.033303162204746,40.78472767253827,1.4420973096229694e-15,0.0
flat_below,36,0.5,1.005,-1.4672021045713781,-1.1493083152475796,-6.135381816139085,4.268422256052508,4.006538253118629,7.2346139933093365,6.790734533830018,38.22434720369175,35.033125228329865,40.76138860403172,1.481020167615199e-15,0.0
flat_below,36,0.6000000000000001,1.006,-1.336488190173344,-1.0469157489691194,-6.033245301723788,4.268422256052508,4.010897870831488,7.2346139933093365,6.798123893609778,38.22434720369175,35.032947684934506,40.73810075358875,1.5543122344752192e-15,0.0
flat_below,36,0.7000000000000001,1.007,-1.205788377382174,-0.9445342289493699,-5.9311192430263615,4.268422256052508,4.015257042250158,7.2346139933093365,6.805512494656552,38.22434720369175,35.03277053089711,40.71486397409676,1.854094135167461e-15,0.0
flat_below,36,0.8,1.008,-1.0751026291117367,-0.8421637261375271,-5.829003612799033,4.268422256052508,4.019615768537689,7.2346139933093365,6.812900338955306,38.22434720369175,35.032593765099676,40.69167811890906,2.721130612504119e-15,0.0
flat_below,36,0.9,1.009,-0.9444309083659227,-0.7398042115533062,-5.726898383858304,4.268422256052508,4.023974050854389,7.2346139933093365,6.820287428486265,38.22434720369175,35.03241738642771,40.66854304184343,8.294146619514109e-16,0.0
flat_below,36,1.0,1.01,-0.8137731782387091,-0.6374556562869889,-5.624803529084977,4.268422256052508,4.028331890357818,7.2346139933093365,6.827673765224933,38.22434720369175,35.032241393770285,40.64545859718123,4.00829543167891e-16,0.0
flat_below,36,1.1,1.011,-0.6831294019137818,-0.5351180314991292,-5.522719021423939,4.268422256052508,4.032689288202803,7.2346139933093365,6.835059351142093,38.22434720369175,35.03206578601998,40.622424639665724,1.1002483646382899e-15,0.0
flat_below,36,1.2000000000000002,1.012,-0.5524995426650222,-0.432791308420934,-5.420644833884514,4.268422256052508,4.037046245541421,7.2346139933093365,6.842444188203793,38.22434720369175,35.03189056207289,40.59944102450107,1.8407584484458894e-15,0.0
flat_below,36,1.3,1.013,-0.4218835638560051,-0.33047545835387065,-5.318580939540174,4.268422256052508,4.041402763523009,7.2346139933093365,6.849828278371363,38.22434720369175,35.03171572082861,40.576507607350955,1.6653345369377348e-15,0.0
flat_below,36,1.4000000000000001,1.014,-0.2912814289403755,-0.22817045266996083,-5.216527311528707,4.268422256052508,4.045758843294159,7.2346139933093365,6.857211623601398,38.22434720369175,35.03154126119024,40.55362424433748,2.8365981438738253e-15,0.0
flat_below,36,1.5,1.015,-0.16069310146187943,-0.12587626281180556,-5.114483923052382,4.268422256052508,4.050114485998713,7.2346139933093365,6.864594225845755,38.22434720369175,35.03136718206437,40.53079079203962,2.518059545597584e-15,0.0
flat_below,36,1.6,1.016,-0.03011854505375288,-0.023592860292106426,-5.012450747377506,4.268422256052508,4.054469692777777,7.2346139933093365,6.871976087051583,38.22434720369175,35.03119348236103,40.50800710749228,2.0905586289865496e-15,0.0
flat_below,36,1.7000000000000002,1.017,0.10044227656041617,0.07867978330565933,-4.910427757835,4.268422256052508,4.058824464769699,7.2346139933093365,6.87935720916128,38.22434720369175,35.03102016099376,40.48527304818481,3.2526065174565133e-16,0.0
flat_below,36,1.8,1.018,0.23098939956744008,0.18094169632782806,-4.808414927819971,4.268422256052508,4.063178803110089,7.2346139933093365,6.8867375941125255,38.22434720369175,35.03084721687952,40.4625884720598,1.078022220102337e-15,0.0
flat_below,36,1.9000000000000001,1.019,0.3615228600639046,0.2831929070500586,-4.7064122307920675,4.268422256052508,4.067532708931802,7.2346139933093365,6.894117243838253,38.22434720369175,35.030674648938735,40.43995323751186,2.0198686473404948e-16,0.0
flat_below,36,2.0,1.02,0.49204269405699963,0.3854334436779831,-4.604419640275048,4.268422256052508,4.071886183364955,7.2346139933093365,6.901496160266689,38.22434720369175,35.030502456095256,40.4173672033863,8.116337463226486e-16,0.0
flat_below,36,2.1,1.021,0.6225489374636415,0.4876633343465191,-4.502437129857273,4.268422256052508,4.076239227536909,7.2346139933093365,6.908874345321306,38.22434720369175,35.03033063727637,40.39483022897795,1.2146316938355106e-15,0.0
flat_below,36,2.2,1.022,0.7530416261112249,0.5898826071204596,-4.400464673191284,4.268422256052508,4.080591842572283,7.2346139933093365,6.916251800920862,38.22434720369175,35.03015919141278,40.372342174029775,2.949788850681312e-15,0.0
flat_below,36,2.3000000000000003,1.023,0.8835207957372632,0.6920912899941896,-4.298502243994095,4.268422256052508,4.084944029592948,7.2346139933093365,6.923628528979383,38.22434720369175,35.029988117438585,40.349902898731685,1.545421776660838e-15,0.0
flat_below,36,2.4000000000000004,1.024,1.0139864819894346,0.7942894108917239,-4.196549816047057,4.268422256052508,4.089295789718025,7.2346139933093365,6.93100453140616,38.22434720369175,35.029817414291294,40.327512263719264,1.2246063538223773e-15,0.0
flat_below,36,2.5,1.025,1.1444387204258184,0.8964769976668909,-4.094607363195879,4.268422256052508,4.0936471240638905,7.2346139933093365,6.9383798101057605,38.22434720369175,35.02964708091179,40.305170130072554,2.953366717850514e-16,0.0
flat_below,36,2.6,1.026,1.2748775465148459,0.9986540781032959,-3.992674859350509,4.268422256052508,4.097998033744178,7.2346139933093365,6.945754366978033,38.22434720369175,35.02947711624437,40.282876359314685,1.3877787807814457e-16,0.0
flat_below,36,2.7,1.027,1.405302995635193,1.1008206799142346,-3.8907522784853654,4.268422256052508,4.102348519869769,7.2346139933093365,6.953128203918088,38.22434720369175,35.029307519236646,40.26063081341069,2.3310346708438345e-16,0.0
flat_below,36,2.8000000000000003,1.028,1.535715103075967,1.2029768307428408,-3.788839594639115,4.268422256052508,4.106698583548803,7.2346139933093365,6.96050132281632,38.22434720369175,35.02913828883964,40.23843335476622,1.0680475601154704e-15,0.0
flat_below,36,2.9000000000000004,1.029,1.6661139040368949,1.3051225581622345,-3.6869367819146626,4.268422256052508,4.111048225886677,7.2346139933093365,6.967873725558406,38.22434720369175,35.028969424007684,40.21628384622631,6.239583502654078e-16,0.0
flat_below,36,3.0,1.03,1.7964994336279163,1.4072578896752013,-3.585043814479316,4.268422256052508,4.115397447986039,7.2346139933093365,6.975245414025288,38.22434720369175,35.028800923698476,40.194182151074045,7.139471305817047e-16,0.0
flat_below,36,3.1,1.031,1.9268717268699658,1.5093828527148068,-3.4831606665644443,4.268422256052508,4.119746250946805,7.2346139933093365,6.982616390093214,38.22434720369175,35.02863278687303,40.17212813302939,9.36967517461973e-16,0.0
flat_below,36,3.2,1.032,2.057230818694019,1.6114974746436483,-3.3812873124659193,4.268422256052508,4.1240946358661335,7.2346139933093365,6.989986655633685,38.22434720369175,35.028465012495694,40.150121656247855,4.174178364069192e-16,0.0
flat_below,36,3.3000000000000003,1.033,2.1875767439421407,1.7136017827546768,-3.279423726543629,4.268422256052508,4.128442603838454,7.2346139933093365,6.99735621251351,38.22434720369175,35.02829759953412,40.128162585319295,1.4277858409461608e-15,0.0
flat_below,36,3.4000000000000004,1.034,2.317909537367015,1.8156958042708287,-3.177569883221687,4.268422256052508,4.132790155955452,7.2346139933093365,7.00472506259478,38.22434720369175,35.02813054695924,40.10625078526663,1.9949319973733282e-17,0.0
flat_below,36,3.5,1.035,2.4482292336320257,1.9177795663450867,-3.075725756988412,4.268422256052508,4.1371372933060755,7.2346139933093365,7.012093207734875,38.22434720369175,35.02796385374533,40.08438612154454,9.913944665207453e-16,0.0
flat_below,36,3.6,1.036,2.5785358673115035,2.0198530960606775,-2.9738913223961716,4.268422256052508,4.141484016976536,7.2346139933093365,7.0194606497864696,38.22434720369175,35.027797518869896,40.062568460038264,1.2867311383057967e-15,0.0
flat_below,36,3.7,1.037,2.708829472890729,2.1219164204310714,-2.8720665540614587,4.268422256052508,4.145830328050309,7.2346139933093365,7.026827390597539,38.22434720369175,35.027631541313745,40.040797667062314,2.7863995832877464e-16,0.0
flat_below,36,3.8000000000000003,1.038,2.839110084765838,2.223969566399907,-2.770251426664838,4.268422256052508,4.150176227608134,7.2346139933093365,7.034193432011349,38.22434720369175,35.02746592006094,40.01907360935927,6.657001339060997e-17,0.0
flat_below,36,3.9000000000000004,1.039,2.9693777372439776,2.326012560841116,-2.668445914951023,4.268422256052508,4.154521716728015,7.2346139933093365,7.041558775866462,38.22434720369175,35.027300654098795,39.997396154098446,3.7198976537977657e-16,0.0
flat_below,36,4.0,1.04,3.0996324645437294,2.428045430559255,-2.566649993728398,4.268422256052508,4.158866796485235,7.2346139933093365,7.048923423996768,38.22434720369175,35.027135742417876,39.97576516887469,7.405100838075995e-16,0.0
flat_below,36,4.1000000000000005,1.041,3.229874300794576,2.530068202289084,-2.4648636378695965,4.268422256052508,4.163211467952337,7.2346139933093365,7.056287378231445,38.22434720369175,35.026971184011984,39.95418052170712,2.1394019368570216e-15,0.0
flat_below,36,4.2,1.042,3.360103280037389,2.6320809026959546,-2.363086822311,4.268422256052508,4.167555732199141,7.2346139933093365,7.063650640394986,38.22434720369175,35.026806977878124,39.932642081037834,1.2911763672129872e-15,0.0
flat_below,36,4.3,1.043,3.490319436224239,2.7340835583756538,-2.2613195220530735,4.268422256052508,4.1718995902927345,7.2346139933093365,7.071013212307195,38.22434720369175,35.02664312301655,39.911149715730694,8.259994251080816e-16,0.0
flat_below,36,4.4,1.044,3.620522803219086,2.8360761958549507,-2.159561712159641,4.268422256052508,4.1762430432974975,7.2346139933093365,7.078375095783216,38.22434720369175,35.026479618430685,39.88970329507014,1.209969624493823e-16,0.0
flat_below,36,4.5,1.045,3.7507134147968704,2.9380588415908817,-2.0578133677588317,4.268422256052508,4.180586092275067,7.2346139933093365,7.085736292633487,38.22434720369175,35.02631646312718,39.868302688759805,9.913944665207453e-16,0.0
flat_below,36,4.6000000000000005,1.046,3.8808913046445466,3.040031521971562,-1.9560744640421235,4.268422256052508,4.184928738284374,7.2346139933093365,7.093096804663792,38.22434720369175,35.02615365611585,39.84694776692131,8.216084063095153e-16,0.0
flat_below,36,4.7,1.047,4.011056506360489,3.1419942633157163,-1.8543449762648878,4.268422256052508,4.189270982381626,7.2346139933093365,7.100456633675233,38.22434720369175,35.02599119640972,39.82563840009312,1.5187504032176946e-15,0.0
flat_below,36,4.800000000000001,1.048,4.1412090534550385,3.243947091873114,-1.7526248797459676,4.268422256052508,4.193612825620318,7.2346139933093365,7.107815781464252,38.22434720369175,35.02582908302494,39.80437445922913,1.9506965487359196e-15,0.0
flat_below,36,4.9,1.049,4.271348979350332,3.3458900338244266,-1.6509141498679214,4.268422256052508,4.197954269051226,7.2346139933093365,7.115174249822628,38.22434720369175,35.025667314980836,39.783155815697626,2.039438496553858e-15,0.0
flat_below,36,5.0,1.05,4.401476317380504,3.4478231152813956,-1.5492127620767127,4.268422256052508,4.20229531372242,7.2346139933093365,7.122532040537482,38.22434720369175,35.0255058912999,39.761982341279804,1.9540033653620004e-15,0.0
flat_below,36,5.1000000000000005,1.051,4.531591100791816,3.549746362286922,-1.4475206918818206,4.268422256052508,4.206635960679259,7.2346139933093365,7.129889155391285,38.22434720369175,35.025344811007734,39.74085390816868,1.5319776697220178e-16,0.0
flat_below,36,5.2,1.052,4.6616933627425405,3.6516598008149903,-1.3458379148561184,4.268422256052508,4.210976210964397,7.2346139933093365,7.137245596161854,38.22434720369175,35.02518407313311,39.71977038896786,1.7885541138407124e-15,0.0
flat_below,36,5.300000000000001,1.053,4.791783136303265,3.753563456770891,-1.2441644066359059,4.268422256052508,4.2153160656177775,7.2346139933093365,7.14460136462236,38.22434720369175,35.02502367670787,39.69873165669019,1.0103137944306173e-15,0.0
flat_below,36,5.4,1.054,4.921860454457125,3.8554573559914145,-1.142500142920555,4.268422256052508,4.2196555256766555,7.2346139933093365,7.1519564625413485,38.22434720369175,35.02486362076701,39.677737584756656,3.2976009076146617e-16,0.0
flat_below,36,5.5,1.055,5.051925350099533,3.957341524244635,-1.0408450994728757,4.268422256052508,4.223994592175576,7.2346139933093365,7.1593108916827175,38.22434720369175,35.02470390434859,39.656788046995025,2.698037106230178e-16,0.0
flat_below,36,5.6000000000000005,1.056,5.181977856038516,4.059215987230172,-0.9391992521187498,4.268422256052508,4.228333266146393,7.2346139933093365,7.16666465380574,38.22434720369175,35.0245445264938,39.635882917638675,1.1379786002407855e-15,0.0
flat_below,36,5.7,1.057,5.3120180049947106,4.161080770579191,-0.8375625767472084,4.268422256052508,4.232671548618264,7.2346139933093365,7.174017750665059,38.22434720369175,35.024385486246885,39.615022071325356,2.2540563165973637e-16,0.0
flat_below,36,5.800000000000001,1.058,5.442045829601706,4.26293589985467,-0.7359350493102323,4.268422256052508,4.237009440617659,7.2346139933093365,7.181370184010709,38.22434720369175,35.024226782655184,39.59420538309594,2.2182234347967178e-15,0.0
flat_below,36,5.9,1.059,5.572061362405827,4.364781400551231,-0.6343166458228633,4.268422256052508,4.2413469431683595,7.2346139933093365,7.1887219555880995,38.22434720369175,35.02406841476908,39.573432728393165,7.682656594232284e-16,0.0
flat_below,36,6.0,1.06,5.702064635866575,4.466617298095485,-0.5327073423629147,4.268422256052508,4.245684057291464,7.2346139933093365,7.196073067138041,38.22434720369175,35.02391038164203,39.55270398306048,2.1760479702870317e-15,0.0
flat_below,36,6.1000000000000005,1.061,5.832055682356327,4.56844361784579,-0.43110711507119426,4.268422256052508,4.250020784005383,7.2346139933093365,7.203423520396728,38.22434720369175,35.023752682330525,39.53201902334079,4.992751004295748e-17,0.0
flat_below,36,6.2,1.062,5.962034534160965,4.670260385092756,-0.32951594015108165,4.268422256052508,4.254357124325859,7.2346139933093365,7.210773317095771,38.22434720369175,35.023595315894084,39.51137772587516,1.1557595158695477e-15,0.0
flat_below,36,6.300000000000001,1.063,6.09200122347954,4.772067625058974,-0.2279337938687953,4.268422256052508,4.258693079265948,7.2346139933093365,7.218122458962177,38.22434720369175,35.02343828139527,39.49077996770173,1.0147590233378079e-15,0.0
flat_below,36,6.4,1.064,6.221955782424567,4.873865362899245,-0.1263606525531369,4.268422256052508,4.263028649836037,7.2346139933093365,7.2254709477183665,38.22434720369175,35.023281577899645,39.47022562625431,1.4577098209067607e-15,0.0
flat_below,36,6.5,1.065,6.351898243022341,4.975653623700834,-0.024796492595280384,4.268422256052508,4.267363837043851,7.2346139933093365,7.232818785082193,38.22434720369175,35.02312520447581,39.449714579361356,9.814198065338786e-16,0.0
flat_below,36,6.6000000000000005,1.066,6.4818286372126925,5.077432432483277,0.07675870955095032,4.268422256052508,4.27169864189444,7.2346139933093365,7.24016597276692,38.22434720369175,35.022969160195316,39.42924670524455,3.3528952184114225e-16,0.0
flat_below,36,6.7,1.067,6.6117469968492255,5.179201814198561,0.17830497736941453,4.268422256052508,4.276033065390194,7.2346139933093365,7.247512512481242,38.22434720369175,35.022813444132765,39.408821882517785,4.329761375820862e-16,0.0
flat_below,36,6.800000000000001,1.068,6.741653353699687,5.280961793731421,0.2798423342816658,4.268422256052508,4.280367108530844,7.2346139933093365,7.2548584059292995,38.22434720369175,35.022658055365675,39.3884399901858,8.660064852727967e-16,0.0
flat_below,36,6.9,1.069,6.87154773944567,5.382712395899109,0.3813708036470187,4.268422256052508,4.284700772313464,7.2346139933093365,7.262203654810664,38.22434720369175,35.02250299297459,39.368100907643054,3.69712940817557e-16,0.0
flat_below,36,7.0,1.07,7.001430185683217,5.484453645451854,0.48289040876270395,4.268422256052508,4.289034057732478,7.2346139933093365,7.269548260820368,38.22434720369175,35.02234825604297,39.34780451467243,5.373848067924403e-16,0.0
flat_below,36,7.1000000000000005,1.071,7.1313007239226085,5.58618556707271,0.5844011728638465,4.268422256052508,4.2933669657796605,7.2346139933093365,7.276892225648896,38.22434720369175,35.02219384365726,39.32755069144412,8.315830662963819e-16,0.0
flat_below,36,7.2,1.072,7.261159385588551,5.687908185377697,0.6859031191236431,4.268422256052508,4.29769949744414,7.2346139933093365,7.2842355509821894,38.22434720369175,35.02203975490684,39.30733931851434,1.6764476092057112e-15,0.0
flat_below,36,7.300000000000001,1.073,7.3910062020203515,5.789621524915942,0.7873962706532955,4.268422256052508,4.302031653712401,7.2346139933093365,7.2915782385016605,38.22434720369175,35.021885988884016,39.28717027682415,1.8984380040221183e-16,0.0
flat_below,36,7.4,1.074,7.520841204471969,5.891325610169709,0.8888806505022329,4.268422256052508,4.30636343556829,7.2346139933093365,7.298920289884192,38.22434720369175,35.02173254468403,39.26704344769829,6.0509323246416e-16,0.0
flat_below,36,7.5,1.075,7.6506644241123345,5.993020465554662,0.9903562816582001,4.268422256052508,4.310694843993021,7.2346139933093365,7.306261706802151,38.22434720369175,35.021579421405015,39.24695871284394,3.530433324155924e-16,0.0
flat_below,36,7.6000000000000005,1.076,7.780475892025357,6.094706115419863,1.0918231870473472,4.268422256052508,4.315025879965179,7.2346139933093365,7.313602490923397,38.22434720369175,35.021426618148055,39.226915954349465,9.625546887326308e-16,0.0
flat_below,36,7.7,1.077,7.910275639210111,6.196382584047921,1.1932813895342287,4.268422256052508,4.31935654446072,7.2346139933093365,7.320942643911282,38.22434720369175,35.02127413401709,39.20691505468335,1.3322676295501878e-15,0.0
flat_below,36,7.800000000000001,1.078,8.040063696580633,6.298049895654831,1.2947309119218042,4.268422256052508,4.3236868384529705,7.2346139933093365,7.328282167424643,38.22434720369175,35.02112196811897,39.18695589669288,1.0958031357310993e-15,0.0
flat_below,36,7.9,1.079,8.169840094966766,6.399708074390634,1.3961717769519044,4.268422256052508,4.328016762912647,7.2346139933093365,7.335621063117846,38.22434720369175,35.0209701195634,39.16703836360304,1.3600232051658168e-15,0.0
flat_below,36,8.0,1.08,8.299604865113718,6.50135714433908,1.4976040073049424,4.268422256052508,4.332346318807847,7.2346139933093365,7.342959332640767,38.22434720369175,35.020818587463,39.14716233901521,9.214905314497424e-16,0.0
bilateral,36,0.0,1.0,-4.365855055297139,-3.4199197933160925,-8.397623060229797,4.184726136567193,3.8333086095153623,7.092756163673208,6.497118137072897,38.22434720369175,35.03891509620457,41.520828722211924,5.806986835832362e-16,0.0
bilateral,36,0.1,1.001,-4.237084622660062,-3.3190496210837153,-8.297017749896785,4.184726136567193,3.8375186662316425,7.092756163673208,6.504254073487688,38.22434720369175,35.0387321692127,41.496834721082365,1.1689867823738709e-15,0.0
bilateral,36,0.2,1.002,-4.108328502491342,-3.2181906602848844,-8.196423042398514,4.184726136567193,3.841728279248326,7.092756163673208,6.511389255299449,38.22434720369175,35.03854964089092,41.47289301234777,3.0208040929791125e-15,0.0
bilateral,36,0.30000000000000004,1.003,-3.9795866582356414,-3.1173428822845857,-8.095838910937314,4.184726136567193,3.845937449686822,7.092756163673208,6.51852368442366,38.22434720369175,35.03836751011174,41.449003448119996,2.0883902246415786e-15,0.0
bilateral,36,0.4,1.004,-3.8508590534184135,-3.016506258511091,-7.9952653287724935,4.184726136567193,3.8501461786661553,7.092756163673208,6.525657362771678,38.22434720369175,35.03818577575114,41.42516588096398,1.4942474341195222e-15,0.0
bilateral,36,0.5,1.005,-3.7221456516459868,-2.915680760456023,-7.894702269220499,4.184726136567193,3.8543544673029593,7.092756163673208,6.532790292250722,38.22434720369175,35.03800443668855,41.401380163896675,1.7186772838240216e-15,0.0
bilateral,36,0.6000000000000001,1.006,-3.5934464166052735,-2.814866359674131,-7.794149705654818,4.184726136567193,3.8585623167114806,7.092756163673208,6.539922474763885,38.22434720369175,35.03782349180682,41.377646150385765,2.975050761300224e-16,0.0
bilateral,36,0.7000000000000001,1.007,-3.4647613120645224,-2.714063027783876,-7.693607611506382,4.184726136567193,3.862769728003562,7.092756163673208,6.547053912210101,38.22434720369175,35.037642939992246,41.35396369434867,3.874938564463193e-16,0.0
bilateral,36,0.8,1.008,-3.3360903018725843,-2.613270736466858,-7.59307596026323,4.184726136567193,3.8669767022886568,7.092756163673208,6.554184606484176,38.22434720369175,35.03746278013451,41.33033265015144,2.1017259113631503e-15,0.0
bilateral,36,0.9,1.009,-3.207433349959727,-2.512489457468453,-7.492554725471001,4.184726136567193,3.8711832406738074,7.092756163673208,6.561314559476746,38.22434720369175,35.03728301112676,41.30675287260768,2.0527199731668055e-15,0.0
bilateral,36,1.0,1.01,-3.0787904203374716,-2.411719162597686,-7.392043880732812,4.184726136567193,3.8753893442636507,7.092756163673208,6.568443773074288,38.22434720369175,35.037103631865506,41.28322421697726,1.0946105133413653e-15,0.0
bilateral,36,1.1,1.011,-2.950161477098281,-2.3109598237269866,-7.291543399709244,4.184726136567193,3.8795950141604196,7.092756163673208,6.575572249159129,38.22434720369175,35.03692464125066,41.25974653896543,1.374443094059874e-15,0.0
bilateral,36,1.2000000000000002,1.012,-2.82154648441627,-2.210211412792745,-7.191053256118685,4.184726136567193,3.883800251463928,7.092756163673208,6.582699989609411,38.22434720369175,35.03674603818552,41.23631969472154,1.6930901125533637e-15,0.0
bilateral,36,1.3,1.013,-2.692945406546812,-2.1094739017950026,-7.090573423737101,4.184726136567193,3.8880050572715787,7.092756163673208,6.589826996299112,38.22434720369175,35.036567821576774,41.21294354083799,1.376611498404845e-15,0.0
bilateral,36,1.4000000000000001,1.014,-2.5643582078267615,-2.00874726279763,-6.990103876398357,4.184726136567193,3.8922094326783543,7.092756163673208,6.59695327109803,38.22434720369175,35.03638999033448,41.189617934349094,1.4722381300180665e-15,0.0
bilateral,36,1.5,1.015,-2.435784852674468,-1.9080314679283332,-6.889644587994093,4.184726136567193,3.896413378776817,7.092756163673208,6.604078815871784,38.22434720369175,35.036212543372024,41.16634273273004,3.0020473953951132e-15,0.0
bilateral,36,1.6,1.016,-2.3072253055899536,-1.807326489378797,-6.789195532473869,4.184726136567193,3.9006168966571066,7.092756163673208,6.611203632481803,38.22434720369175,35.0360354796062,41.1431177938955,7.32920668600201e-17,0.0
bilateral,36,1.7000000000000002,1.017,-2.178679531154705,-1.706632299404519,-6.688756683845265,4.184726136567193,3.9048199874069347,7.092756163673208,6.618327722785328,38.22434720369175,35.035858797957076,41.119942976198885,6.765421556309548e-17,0.0
bilateral,36,1.8,1.018,-2.0501474940320894,-1.6059488703251368,-6.588328016173883,4.184726136567193,3.9090226521115854,7.092756163673208,6.625451088635409,38.22434720369175,35.03568249734813,41.09681813843095,6.971419969081794e-16,0.0
bilateral,36,1.9000000000000001,1.019,-1.9216291589669052,-1.505276174524076,-6.487909503583289,4.184726136567193,3.913224891853916,7.092756163673208,6.632573731880903,38.22434720369175,35.0355065767061,41.07374313981873,1.6653345369377348e-15,0.0
bilateral,36,2.0,1.02,-1.7931244907859443,-1.4046141844489899,-6.387501120255312,4.184726136567193,3.9174267077143465,7.092756163673208,6.639695654366461,38.22434720369175,35.03533103496107,41.05071784002446,3.4531839193663316e-16,0.0
bilateral,36,2.1,1.021,-1.6646334543977497,-1.3039628726115706,-6.287102840429948,4.184726136567193,3.9216281007708624,7.092756163673208,6.646816857932533,38.22434720369175,35.035155871046456,41.027742099144426,2.916503843986007e-15,0.0
bilateral,36,2.2,1.022,-1.536156014792537,-1.2033222115874873,-6.186714638405267,4.184726136567193,3.925829072099019,7.092756163673208,6.6539373444153735,38.22434720369175,35.034981083898934,41.00481577770777,1.4943558543367708e-15,0.0
bilateral,36,2.3000000000000003,1.023,-1.4076921370426576,-1.1026921740167486,-6.086336488537891,4.184726136567193,3.930029622771922,7.092756163673208,6.66105711564701,38.22434720369175,35.03480667245849,40.98193873667549,1.5687321233692764e-15,0.0
bilateral,36,2.4000000000000004,1.024,-1.2792417863019592,-1.0020727326032013,-5.985968365242367,4.184726136567193,3.9342297538602513,7.092756163673208,6.668176173455286,38.22434720369175,35.034632635668395,40.9591108374392,4.4181238528784306e-16,0.0
bilateral,36,2.5,1.025,-1.1508049278065695,-0.901463860115146,-5.885610242991923,4.184726136567193,3.938429466432234,7.092756163673208,6.67529451966381,38.22434720369175,35.0344589724752,40.93633194182001,1.071300166632927e-15,0.0
bilateral,36,2.6,1.026,-1.022381526874256,-0.800865529384834,-5.785262096317966,4.184726136567193,3.9426287615536597,7.092756163673208,6.68241215609199,38.22434720369175,35.0342856818287,40.913601912067435,1.9106894885712045e-15,0.0
bilateral,36,2.7,1.027,-0.8939715489050506,-0.7002777133089563,-5.684923899810479,4.184726136567193,3.9468276402878684,7.092756163673208,6.689529084555006,38.22434720369175,35.03411276268197,40.89092061085829,2.487159783681747e-16,0.0
bilateral,36,2.8000000000000003,1.028,-0.765574959380449,-0.5997003848480184,-5.584595628117617,4.184726136567193,3.951026103695766,7.092756163673208,6.69664530686384,38.22434720369175,35.03394021399132,40.86828790129541,1.411089127489884e-15,0.0
bilateral,36,2.9000000000000004,1.029,-0.6371917238644345,-0.4991335170271404,-5.484277255946257,4.184726136567193,3.9552241528357994,7.092756163673208,6.703760824825234,38.22434720369175,35.03376803471632,40.84570364690671,3.9302328752599536e-16,0.0
bilateral,36,3.0,1.03,-0.5088218080025991,-0.39857708293536936,-5.383968758061631,4.184726136567193,3.9594217887639753,7.092756163673208,6.7108756402417225,38.22434720369175,35.033596223819735,40.82316771164392,2.2985086056692694e-16,0.0
bilateral,36,3.1,1.031,-0.3804651775226704,-0.29803105572609184,-5.283670109287531,4.184726136567193,3.963619012533849,7.092756163673208,6.717989754911614,38.22434720369175,35.033424780267595,40.80067995988143,1.0791064222748226e-15,0.0
bilateral,36,3.2,1.032,-0.25212179823443176,-0.19749540861697157,-5.183381284506328,4.184726136567193,3.967815825196524,7.092756163673208,6.725103170628987,38.22434720369175,35.0332537030291,40.77824025641529,6.139836902785412e-16,0.0
bilateral,36,3.3000000000000003,1.033,-0.12379163602946686,-0.09697011488974905,-5.083102258658833,4.184726136567193,3.972012227800659,7.092756163673208,6.732215889183712,38.22434720369175,35.033082991076704,40.75584846646196,1.2900921650405017e-15,0.0
bilateral,36,3.4000000000000004,1.034,0.0045253431185847655,0.0035448521095580664,-4.982833006744514,4.184726136567193,3.976208221392458,7.092756163673208,6.739327912361421,38.22434720369175,35.032912643386005,40.733504455657226,3.808802231941577e-16,0.0
bilateral,36,3.5,1.035,0.1328291731540117,0.1040495189706425,-4.882573503821441,4.184726136567193,3.980403807015672,7.092756163673208,6.746439241943525,38.22434720369175,35.03274265893584,40.711208090054974,1.5764299587939234e-16,0.0
bilateral,36,3.6,1.036,0.2611198879393024,0.20454391221912022,-4.782323725006177,4.184726136567193,3.9845989857116053,7.092756163673208,6.753549879707214,38.22434720369175,35.03257303670819,40.68895923612619,5.385232190735501e-16,0.0
bilateral,36,3.7,1.037,0.38939752125492133,0.30502805831635504,-4.682083645473956,4.184726136567193,3.988793758519106,7.092756163673208,6.760659827425449,38.22434720369175,35.03240377568822,40.66675776075776,9.059593353288875e-16,0.0
bilateral,36,3.8000000000000003,1.038,0.5176621067992931,0.4055019836594464,-4.581853240458655,4.184726136567193,3.9929881264745686,7.092756163673208,6.76776908686696,38.22434720369175,35.032234874864265,40.64460353125127,3.253690719628999e-16,0.0
bilateral,36,3.9000000000000004,1.039,0.6459136781891862,0.5059657145815293,-4.481632485252652,4.184726136567193,3.9971820906119393,7.092756163673208,6.774877659796264,38.22434720369175,35.03206633322779,40.622496415321976,6.216815257031882e-16,0.0
bilateral,36,4.0,1.04,0.774152268959121,0.6064192773513115,-4.381421355207104,4.184726136567193,4.001375651962705,7.092756163673208,6.781985547973636,38.22434720369175,35.031898149773426,40.6004362810976,5.084908188957016e-16,0.0
bilateral,36,4.1000000000000005,1.041,0.902377912561978,0.7068626981735494,-4.281219825731675,4.184726136567193,4.005568811555903,7.092756163673208,6.789092753155137,38.22434720369175,35.031730323498934,40.57842299711723,5.2150124496552763e-17,0.0
bilateral,36,4.2,1.042,1.0305906423687414,0.8072960031888473,-4.181027872294674,4.184726136567193,4.009761570418118,7.092756163673208,6.7961992770926,38.22434720369175,35.0315628534052,40.55645643233009,3.9746851643318593e-16,0.0
bilateral,36,4.3,1.043,1.1587904916684832,0.9077192184736453,-4.080845470423067,4.184726136567193,4.01395392957348,7.092756163673208,6.803305121533632,38.22434720369175,35.03139573849622,40.534536456094585,1.243471471623625e-15,0.0
bilateral,36,4.4,1.044,1.286977493668636,1.0081323700404314,-3.980672595702306,4.184726136567193,4.01814589004367,7.092756163673208,6.810410288221623,38.22434720369175,35.03122897777913,40.512662938177,2.177077962350893e-15,0.0
bilateral,36,4.5,1.045,1.4151516814947351,1.1085354838375425,-3.880509223776607,4.184726136567193,4.022337452847912,7.092756163673208,6.817514778895732,38.22434720369175,35.03106257026413,40.490835748750385,9.447737731038686e-16,0.0
bilateral,36,4.6000000000000005,1.046,1.5433130881906283,1.2089285857493257,-3.7803553303486837,4.184726136567193,4.02652861900298,7.092756163673208,6.824618595290901,38.22434720369175,35.03089651496454,40.46905475839353,1.809533425878307e-16,0.0
bilateral,36,4.7,1.047,1.6714617467183637,1.3093117015960518,-3.680210891179936,4.184726136567193,4.030719389523194,7.092756163673208,6.831721739137845,38.22434720369175,35.03073081089675,40.44731983808971,7.716266861579335e-16,0.0
bilateral,36,4.800000000000001,1.048,1.799597689958524,1.4096848571341771,-3.5800758820901946,4.184726136567193,4.034909765420426,7.092756163673208,6.83882421216307,38.22434720369175,35.03056545708022,40.42563085922558,2.9410068130841793e-15,0.0
bilateral,36,4.9,1.049,1.927720950709924,1.5100480780561074,-3.479950278957955,4.184726136567193,4.039099747704096,7.092756163673208,6.845926016088856,38.22434720369175,35.03040045253751,40.40398769359004,1.8918243707699567e-15,0.0
bilateral,36,5.0,1.05,2.055831561689931,1.6104013899904461,-3.379834057720199,4.184726136567193,4.043289337381176,7.092756163673208,6.853027152633271,38.22434720369175,35.0302357962942,40.38239021337316,1.8323016715005025e-16,0.0
bilateral,36,5.1000000000000005,1.051,2.1839295555341427,1.710744818501745,-3.2797271943725503,4.184726136567193,4.047478535456182,7.092756163673208,6.8601276235101585,38.22434720369175,35.030071487378926,40.360838291164995,1.078022220102337e-15,0.0
bilateral,36,5.2,1.052,2.312014964797109,1.8110783890910687,-3.179629664968886,4.184726136567193,4.051667342931196,7.092756163673208,6.867227430429169,38.22434720369175,35.029907524823386,40.3393317999544,2.0426368929626904e-16,0.0
bilateral,36,5.300000000000001,1.053,2.440087821951579,1.9114021271954038,-3.079541445621814,4.184726136567193,4.055855760805837,7.092756163673208,6.874326575095725,38.22434720369175,35.02974390766229,40.31787061312801,1.5665637190243054e-15,0.0
bilateral,36,5.4,1.054,2.5681481593889663,2.011716058188023,-2.97946251250234,4.184726136567193,4.060043790077286,7.092756163673208,6.881425059211039,38.22434720369175,35.02958063493338,40.29645460446902,1.6425662913155392e-16,0.0
bilateral,36,5.5,1.055,2.696196009419634,2.1120202073787135,-2.8793928418398007,4.184726136567193,4.064231431740278,7.092756163673208,6.888522884472131,38.22434720369175,35.02941770567741,40.27508364815604,1.2201611249151867e-15,0.0
bilateral,36,5.6000000000000005,1.056,2.8242314042723713,2.212314600013358,-2.779332409922042,4.184726136567193,4.068418686787102,7.092756163673208,6.895620052571802,38.22434720369175,35.029255118938146,40.253757618762116,6.095384613713506e-16,0.0
bilateral,36,5.7,1.057,2.952254376094836,2.3125992612742885,-2.679281193095351,4.184726136567193,4.072605556207602,7.092756163673208,6.902716565198652,38.22434720369175,35.02909287376234,40.232476391253364,7.316196259932184e-16,0.0
bilateral,36,5.800000000000001,1.058,3.080264956953767,2.4128742162804513,-2.579239167764169,4.184726136567193,4.076792040989187,7.092756163673208,6.909812424037096,38.22434720369175,35.02893096919975,40.21123984098805,9.492190020110591e-16,0.0
bilateral,36,5.9,1.059,3.208263178834534,2.5131394900870516,-2.479206310391424,4.184726136567193,4.08097814211682,7.092756163673208,6.91690763076733,38.22434720369175,35.028769404303084,40.19004784371536,1.0321604682062002e-16,0.0
bilateral,36,6.0,1.06,3.336249073641538,2.6133951076858715,-2.3791825974983194,4.184726136567193,4.085163860573022,7.092756163673208,6.9240021870653665,38.22434720369175,35.02860817812807,40.16890027557422,5.273559366969494e-16,0.0
bilateral,36,6.1000000000000005,1.061,3.464222673198434,2.71364109400544,-2.2791680056641894,4.184726136567193,4.089349197337886,7.092756163673208,6.93109609460303,38.22434720369175,35.02844728973335,40.14779701309234,1.0613255066460603e-15,0.0
bilateral,36,6.2,1.062,3.592184009247845,2.8138774739108126,-2.1791625115266666,4.184726136567193,4.093534153389062,7.092756163673208,6.938189355047952,38.22434720369175,35.02828673818056,40.1267379331849,1.936168239624614e-15,0.0
bilateral,36,6.300000000000001,1.063,3.7201331134514746,2.9141042722036548,-2.0791660917816257,4.184726136567193,4.097718729701764,7.092756163673208,6.945281970063571,38.22434720369175,35.02812652253426,40.10572291315355,1.4744065343630375e-15,0.0
bilateral,36,6.4,1.064,3.8480700173905813,3.014321513622622,-1.9791787231829616,4.184726136567193,4.101902927248778,7.092756163673208,6.952373941309156,38.22434720369175,35.02796664186193,40.08475183068524,8.526165884426007e-16,0.0
bilateral,36,6.5,1.065,3.975994752565426,3.114529222842917,-1.879200382542745,4.184726136567193,4.106086747000456,7.092756163673208,6.959465270439783,38.22434720369175,35.02780709523404,40.06382456385109,2.3201926491189795e-16,0.0
bilateral,36,6.6000000000000005,1.066,4.103907350396035,3.2147274244768944,-1.7792310467310113,4.184726136567193,4.110270189924722,7.092756163673208,6.966555959106366,38.22434720369175,35.02764788172391,40.042940991105304,1.035846755592651e-15,0.0
bilateral,36,6.7,1.067,4.2318078422215475,3.314916143073545,-1.6792706926759715,4.184726136567193,4.114453256987068,7.092756163673208,6.97364600895563,38.22434720369175,35.027489000407805,40.02210099128396,2.3359135806200193e-15,0.0
bilateral,36,6.800000000000001,1.068,4.359696259301024,3.415095403119136,-1.5793192973636128,4.184726136567193,4.118635949150568,7.092756163673208,6.980735421630146,38.22434720369175,35.0273304503649,40.001304443604006,1.9362766598418624e-15,0.0
bilateral,36,6.9,1.069,4.487572632812882,3.515265229036758,-1.4793768378380312,4.184726136567193,4.122818267375863,7.092756163673208,6.9878241987683065,38.22434720369175,35.027172230677266,39.98055122766208,2.1532255145562118e-16,0.0
bilateral,36,7.0,1.07,4.615436993855461,3.6154256451867774,-1.3794432912010213,4.184726136567193,4.127000212621181,7.092756163673208,6.99491234200435,38.22434720369175,35.02701434042984,39.95984122343337,1.942890293094024e-16,0.0
bilateral,36,7.1000000000000005,1.071,4.743289373446821,3.715576675866676,-1.279518634612331,4.184726136567193,4.1311817858423225,7.092756163673208,7.001999852968353,38.22434720369175,35.02685677871044,39.93917431127058,1.9765005604410746e-16,0.0
bilateral,36,7.2,1.072,4.87112980252506,3.815718345311297,-1.179602845289418,4.184726136567193,4.135362987992676,7.092756163673208,7.009086733286243,38.22434720369175,35.02669954460976,39.918550371902676,1.8307295783503985e-15,0.0
bilateral,36,7.300000000000001,1.073,4.998958311947929,3.915850677692545,-1.0796959005075824,4.184726136567193,4.139543820023207,7.092756163673208,7.016172984579782,38.22434720369175,35.026542637221375,39.89796928643392,4.585090987441198e-16,0.0
bilateral,36,7.4,1.074,5.126774932493749,4.015973697120103,-0.979797777599567,4.184726136567193,4.143724282882479,7.092756163673208,7.023258608466608,38.22434720369175,35.02638605564167,39.877430936342684,1.908466874117609e-15,0.0
bilateral,36,7.5,1.075,5.254579694860666,4.116087427640855,-0.8799084539559132,4.184726136567193,4.147904377516635,7.092756163673208,7.030343606560201,38.22434720369175,35.026229798969915,39.8569352034803,5.462210544981971e-16,0.0
bilateral,36,7.6000000000000005,1.076,5.382372629667268,4.21619189323936,-0.7800279070246052,4.184726136567193,4.152084104869416,7.092756163673208,7.0374279804699125,38.22434720369175,35.026073866308174,39.83648197007005,6.039548201830502e-16,0.0
bilateral,36,7.7,1.077,5.510153767452259,4.316287117837603,-0.6801561143113144,4.184726136567193,4.156263465882147,7.092756163673208,7.044511731800947,38.22434720369175,35.025918256761386,39.81607111870598,8.326672684688674e-16,0.0
bilateral,36,7.800000000000001,1.078,5.637923138675085,4.416373125295484,-0.5802930533789663,4.184726136567193,4.160442461493759,7.092756163673208,7.051594862154394,38.22434720369175,35.02576296943725,39.79570253235179,1.3511327473514356e-15,0.0
bilateral,36,7.9,1.079,5.765680773715489,4.5164499394104665,-0.4804387018480183,4.184726136567193,4.1646210926407745,7.092756163673208,7.058677373127207,38.22434720369175,35.025608003446344,39.775376094339805,1.2223295292601577e-15,0.0
bilateral,36,8.0,1.08,5.893426702874125,4.616517583918065,-0.38059303739607087,4.184726136567193,4.168799360257324,7.092756163673208,7.0657592663122335,38.22434720369175,35.02545335790199,39.75509168836976,8.848173929654202e-16,0.0
